-- phpMyAdmin SQL Dump
-- version 5.2.1
-- https://www.phpmyadmin.net/
--
-- Host: 127.0.0.1
-- Generation Time: Oct 25, 2025 at 12:32 PM
-- Server version: 10.4.28-MariaDB
-- PHP Version: 8.2.4

SET SQL_MODE = "NO_AUTO_VALUE_ON_ZERO";
START TRANSACTION;
SET time_zone = "+00:00";


/*!40101 SET @OLD_CHARACTER_SET_CLIENT=@@CHARACTER_SET_CLIENT */;
/*!40101 SET @OLD_CHARACTER_SET_RESULTS=@@CHARACTER_SET_RESULTS */;
/*!40101 SET @OLD_COLLATION_CONNECTION=@@COLLATION_CONNECTION */;
/*!40101 SET NAMES utf8mb4 */;

--
-- Database: `dad_db`
--

-- --------------------------------------------------------

--
-- Table structure for table `active_codes`
--

CREATE TABLE `active_codes` (
  `id` bigint(20) UNSIGNED NOT NULL COMMENT 'شناسه یکتا کد فعال‌سازی',
  `user_id` bigint(20) UNSIGNED NOT NULL COMMENT 'شناسه کاربری که این نقش را ایجاد کرده',
  `code` int(10) UNSIGNED NOT NULL COMMENT 'کد فعال‌سازی',
  `expired_at` timestamp NOT NULL DEFAULT current_timestamp() ON UPDATE current_timestamp() COMMENT 'تاریخ انقضای کد، به‌روزرسانی خودکار در هر آپدیت',
  `created_at` timestamp NULL DEFAULT NULL,
  `updated_at` timestamp NULL DEFAULT NULL
) ENGINE=InnoDB DEFAULT CHARSET=utf8mb4 COLLATE=utf8mb4_unicode_ci;

-- --------------------------------------------------------

--
-- Table structure for table `cities`
--

CREATE TABLE `cities` (
  `id` bigint(20) UNSIGNED NOT NULL COMMENT 'شناسه یکتا',
  `title` varchar(255) NOT NULL COMMENT 'عنوان زیرمنو',
  `status` tinyint(1) NOT NULL DEFAULT 0 COMMENT 'وضعیت زیرمنو (فعال/غیرفعال)',
  `state_id` bigint(20) UNSIGNED NOT NULL COMMENT 'شناسه کاربری که این نقش را ایجاد کرده'
) ENGINE=InnoDB DEFAULT CHARSET=utf8mb4 COLLATE=utf8mb4_unicode_ci;

--
-- Dumping data for table `cities`
--

INSERT INTO `cities` (`id`, `title`, `status`, `state_id`) VALUES
(1, 'آذرشهر', 4, 1),
(2, 'تيمورلو', 4, 1),
(3, 'گوگان', 4, 1),
(4, 'ممقان', 4, 1),
(5, 'اسکو', 4, 1),
(6, 'ايلخچي', 4, 1),
(7, 'سهند', 4, 1),
(8, 'اهر', 4, 1),
(9, 'هوراند', 4, 1),
(10, 'بستان آباد', 4, 1),
(11, 'تيکمه داش', 4, 1),
(12, 'بناب', 4, 1),
(13, 'باسمنج', 4, 1),
(14, 'تبريز', 4, 1),
(15, 'خسروشاه', 4, 1),
(16, 'سردرود', 4, 1),
(17, 'جلفا', 4, 1),
(18, 'سيه رود', 4, 1),
(19, 'هاديشهر', 4, 1),
(20, 'قره آغاج', 4, 1),
(21, 'خمارلو', 4, 1),
(22, 'دوزدوزان', 4, 1),
(23, 'سراب', 4, 1),
(24, 'شربيان', 4, 1),
(25, 'مهربان', 4, 1),
(26, 'تسوج', 4, 1),
(27, 'خامنه', 4, 1),
(28, 'سيس', 4, 1),
(29, 'شبستر', 4, 1),
(30, 'شرفخانه', 4, 1),
(31, 'شندآباد', 4, 1),
(32, 'صوفيان', 4, 1),
(33, 'کوزه کنان', 4, 1),
(34, 'وايقان', 4, 1),
(35, 'جوان قلعه', 4, 1),
(36, 'عجب شير', 4, 1),
(37, 'آبش احمد', 4, 1),
(38, 'کليبر', 4, 1),
(39, 'خداجو[خراجو)', 4, 1),
(40, 'مراغه', 4, 1),
(41, 'بناب مرند', 4, 1),
(42, 'زنوز', 4, 1),
(43, 'کشکسراي', 4, 1),
(44, 'مرند', 4, 1),
(45, 'يامچي', 4, 1),
(46, 'ليلان', 4, 1),
(47, 'مبارک شهر', 4, 1),
(48, 'ملکان', 4, 1),
(49, 'آقکند', 4, 1),
(50, 'اچاچي', 4, 1),
(51, 'ترک', 4, 1),
(52, 'ترکمانچاي', 4, 1),
(53, 'ميانه', 4, 1),
(54, 'خاروانا', 4, 1),
(55, 'ورزقان', 4, 1),
(58, 'زرنق', 4, 1),
(59, 'کلوانق', 4, 1),
(60, 'هريس', 4, 1),
(61, 'نظرکهريزي', 4, 1),
(62, 'هشترود', 4, 1),
(63, 'اروميه', 4, 2),
(64, 'سرو', 4, 2),
(65, 'سيلوانه', 4, 2),
(66, 'قوشچي', 4, 2),
(67, 'نوشين', 4, 2),
(68, 'اشنويه', 4, 2),
(69, 'نالوس', 4, 2),
(70, 'بوکان', 4, 2),
(71, 'سيمينه', 4, 2),
(72, 'پلدشت', 4, 2),
(73, 'نازک عليا', 4, 2),
(74, 'پيرانشهر', 4, 2),
(75, 'گردکشانه', 4, 2),
(76, 'تکاب', 4, 2),
(77, 'آواجيق', 4, 2),
(78, 'سيه چشمه', 4, 2),
(79, 'قره ضياءالدين', 4, 2),
(80, 'ايواوغلي', 4, 2),
(81, 'خوي', 4, 2),
(82, 'ديزج ديز', 4, 2),
(83, 'زرآباد', 4, 2),
(84, 'فيرورق', 4, 2),
(85, 'قطور', 4, 2),
(86, 'ربط', 4, 2),
(87, 'سردشت', 4, 2),
(88, 'ميرآباد', 4, 2),
(89, 'تازه شهر', 4, 2),
(90, 'سلماس', 4, 2),
(91, 'شاهين دژ', 4, 2),
(92, 'کشاورز', 4, 2),
(93, 'محمودآباد', 4, 2),
(94, 'شوط', 4, 2),
(95, 'مرگنلر', 4, 2),
(96, 'بازرگان', 4, 2),
(97, 'ماکو', 4, 2),
(98, 'خليفان', 4, 2),
(99, 'مهاباد', 4, 2),
(100, 'باروق', 4, 2),
(101, 'چهاربرج', 4, 2),
(102, 'مياندوآب', 4, 2),
(103, 'محمديار', 4, 2),
(104, 'نقده', 4, 2),
(105, 'اردبيل', 4, 3),
(106, 'هير', 4, 3),
(107, 'بيله سوار', 4, 3),
(108, 'جعفرآباد', 4, 3),
(109, 'اسلام اباد', 4, 3),
(110, 'اصلاندوز', 4, 3),
(111, 'پارس آباد', 4, 3),
(112, 'تازه کند', 4, 3),
(113, 'خلخال', 4, 3),
(114, 'کلور', 4, 3),
(115, 'هشتجين', 4, 3),
(116, 'سرعين', 4, 3),
(117, 'گيوي', 4, 3),
(118, 'تازه کندانگوت', 4, 3),
(119, 'گرمي', 4, 3),
(120, 'رضي', 4, 3),
(121, 'فخراباد', 4, 3),
(122, 'قصابه', 4, 3),
(123, 'لاهرود', 4, 3),
(124, 'مرادلو', 4, 3),
(125, 'مشگين شهر', 4, 3),
(126, 'آبي بيگلو', 4, 3),
(127, 'عنبران', 4, 3),
(128, 'نمين', 4, 3),
(129, 'کوراييم', 4, 3),
(130, 'نير', 4, 3),
(131, 'آران وبيدگل', 4, 4),
(132, 'ابوزيدآباد', 4, 4),
(133, 'سفيدشهر', 4, 4),
(134, 'نوش آباد', 4, 4),
(135, 'اردستان', 4, 4),
(136, 'زواره', 4, 4),
(137, 'مهاباد', 4, 4),
(138, 'اژيه', 4, 4),
(139, 'اصفهان', 4, 4),
(140, 'بهارستان', 4, 4),
(141, 'تودشک', 4, 4),
(142, 'حسن اباد', 4, 4),
(143, 'زيار', 4, 4),
(144, 'سجزي', 4, 4),
(145, 'قهجاورستان', 4, 4),
(146, 'کوهپايه', 4, 4),
(147, 'محمدآباد', 4, 4),
(148, 'نصرآباد', 4, 4),
(149, 'نيک آباد', 4, 4),
(150, 'ورزنه', 4, 4),
(151, 'هرند', 4, 4),
(152, 'حبيب آباد', 4, 4),
(153, 'خورزوق', 4, 4),
(154, 'دستگرد', 4, 4),
(155, 'دولت آباد', 4, 4),
(156, 'سين', 4, 4),
(157, 'شاپورآباد', 4, 4),
(158, 'کمشچه', 4, 4),
(159, 'افوس', 4, 4),
(160, 'بويين ومياندشت', 4, 4),
(161, 'تيران', 4, 4),
(162, 'رضوانشهر', 4, 4),
(163, 'عسگران', 4, 4),
(164, 'چادگان', 4, 4),
(165, 'رزوه', 4, 4),
(166, 'اصغرآباد', 4, 4),
(167, 'خميني شهر', 4, 4),
(168, 'درچه', 4, 4),
(169, 'کوشک', 4, 4),
(170, 'خوانسار', 4, 4),
(171, 'جندق', 4, 4),
(172, 'خور', 4, 4),
(173, 'فرخي', 4, 4),
(174, 'دهاقان', 4, 4),
(175, 'گلشن', 4, 4),
(176, 'حنا', 4, 4),
(177, 'سميرم', 4, 4),
(178, 'کمه', 4, 4),
(179, 'ونک', 4, 4),
(180, 'شاهين شهر', 4, 4),
(181, 'گرگاب', 4, 4),
(182, 'گزبرخوار', 4, 4),
(183, 'لاي بيد', 4, 4),
(184, 'ميمه', 4, 4),
(185, 'وزوان', 4, 4),
(186, 'شهرضا', 4, 4),
(187, 'منظريه', 4, 4),
(188, 'داران', 4, 4),
(189, 'دامنه', 4, 4),
(190, 'برف انبار', 4, 4),
(191, 'فريدونشهر', 4, 4),
(192, 'ابريشم', 4, 4),
(193, 'ايمانشهر', 4, 4),
(194, 'بهاران شهر', 4, 4),
(195, 'پيربکران', 4, 4),
(196, 'زازران', 4, 4),
(197, 'فلاورجان', 4, 4),
(198, 'قهدريجان', 4, 4),
(199, 'کليشادوسودرجان', 4, 4),
(200, 'برزک', 4, 4),
(201, 'جوشقان قالي', 4, 4),
(202, 'قمصر', 4, 4),
(203, 'کاشان', 4, 4),
(204, 'کامو و چوگان', 4, 4),
(205, 'مشکات', 4, 4),
(206, 'نياسر', 4, 4),
(207, 'گلپايگان', 4, 4),
(208, 'گلشهر', 4, 4),
(209, 'گوگد', 4, 4),
(210, 'باغ بهادران', 4, 4),
(211, 'باغشاد', 4, 4),
(212, 'چرمهين', 4, 4),
(213, 'چمگردان', 4, 4),
(214, 'زاينده رود', 4, 4),
(215, 'زرين شهر', 4, 4),
(216, 'سده لنجان', 4, 4),
(217, 'فولادشهر', 4, 4),
(218, 'ورنامخواست', 4, 4),
(219, 'ديزيچه', 4, 4),
(220, 'زيباشهر', 4, 4),
(221, 'طالخونچه', 4, 4),
(222, 'کرکوند', 4, 4),
(223, 'مبارکه', 4, 4),
(224, 'مجلسي', 4, 4),
(225, 'انارک', 4, 4),
(226, 'بافران', 4, 4),
(227, 'نايين', 4, 4),
(228, 'جوزدان', 4, 4),
(229, 'دهق', 4, 4),
(230, 'علويجه', 4, 4),
(231, 'کهريزسنگ', 4, 4),
(232, 'گلدشت', 4, 4),
(233, 'نجف آباد', 4, 4),
(234, 'بادرود', 4, 4),
(235, 'خالدآباد', 4, 4),
(236, 'طرق رود', 4, 4),
(237, 'نطنز', 4, 4),
(238, 'اشتهارد', 4, 5),
(239, 'چهارباغ', 4, 5),
(240, 'شهرجديدهشتگرد', 4, 5),
(241, 'کوهسار', 4, 5),
(242, 'گلسار', 4, 5),
(243, 'هشتگرد', 4, 5),
(244, 'طالقان', 4, 5),
(245, 'فرديس', 4, 5),
(246, 'مشکين دشت', 4, 5),
(247, 'آسارا', 4, 5),
(248, 'کرج', 4, 5),
(249, 'کمال شهر', 4, 5),
(250, 'گرمدره', 4, 5),
(251, 'ماهدشت', 4, 5),
(252, 'محمدشهر', 4, 5),
(253, 'تنکمان', 4, 5),
(254, 'نظرآباد', 4, 5),
(255, 'آبدانان', 4, 6),
(256, 'سراب باغ', 4, 6),
(257, 'مورموري', 4, 6),
(258, 'ايلام', 4, 6),
(259, 'چوار', 4, 6),
(260, 'ايوان', 4, 6),
(261, 'زرنه', 4, 6),
(262, 'بدره', 4, 6),
(263, 'آسمان آباد', 4, 6),
(264, 'بلاوه', 4, 6),
(265, 'توحيد', 4, 6),
(266, 'سرابله', 4, 6),
(267, 'شباب', 4, 6),
(268, 'دره شهر', 4, 6),
(269, 'ماژين', 4, 6),
(270, 'پهله', 4, 6),
(271, 'دهلران', 4, 6),
(272, 'موسيان', 4, 6),
(273, 'ميمه', 4, 6),
(274, 'لومار', 4, 6),
(275, 'ارکواز', 4, 6),
(276, 'دلگشا', 4, 6),
(277, 'مهر', 4, 6),
(278, 'صالح آباد', 4, 6),
(279, 'مهران', 4, 6),
(280, 'بوشهر', 4, 7),
(281, 'چغادک', 4, 7),
(282, 'خارک', 4, 7),
(283, 'عالي شهر', 4, 7),
(284, 'آباد', 4, 7),
(285, 'اهرم', 4, 7),
(286, 'دلوار', 4, 7),
(287, 'انارستان', 4, 7),
(288, 'جم', 4, 7),
(289, 'ريز', 4, 7),
(290, 'آب پخش', 4, 7),
(291, 'برازجان', 4, 7),
(292, 'بوشکان', 4, 7),
(293, 'تنگ ارم', 4, 7),
(294, 'دالکي', 4, 7),
(295, 'سعد آباد', 4, 7),
(296, 'شبانکاره', 4, 7),
(297, 'کلمه', 4, 7),
(298, 'وحدتيه', 4, 7),
(299, 'بادوله', 4, 7),
(300, 'خورموج', 4, 7),
(301, 'شنبه', 4, 7),
(302, 'کاکي', 4, 7),
(303, 'آبدان', 4, 7),
(304, 'بردخون', 4, 7),
(305, 'بردستان', 4, 7),
(306, 'بندردير', 4, 7),
(307, 'دوراهک', 4, 7),
(308, 'امام حسن', 4, 7),
(309, 'بندرديلم', 4, 7),
(310, 'عسلويه', 4, 7),
(311, 'نخل تقي', 4, 7),
(312, 'بندرکنگان', 4, 7),
(313, 'بنک', 4, 7),
(314, 'سيراف', 4, 7),
(315, 'بندرريگ', 4, 7),
(316, 'بندرگناوه', 4, 7),
(317, 'احمد آباد مستوفي', 4, 8),
(318, 'اسلامشهر', 4, 8),
(319, 'چهاردانگه', 4, 8),
(320, 'صالحيه', 4, 8),
(321, 'گلستان', 4, 8),
(322, 'نسيم شهر', 4, 8),
(323, 'پاکدشت', 4, 8),
(324, 'شريف آباد', 4, 8),
(325, 'فرون اباد', 4, 8),
(326, 'بومهن', 4, 8),
(327, 'پرديس', 4, 8),
(328, 'پيشوا', 4, 8),
(329, 'تهران', 4, 8),
(330, 'آبسرد', 4, 8),
(331, 'آبعلي', 4, 8),
(332, 'دماوند', 4, 8),
(333, 'رودهن', 4, 8),
(334, 'کيلان', 4, 8),
(335, 'پرند', 4, 8),
(336, 'رباطکريم', 4, 8),
(337, 'نصيرشهر', 4, 8),
(338, 'باقرشهر', 4, 8),
(339, 'حسن آباد', 4, 8),
(340, 'شهرري', 4, 8),
(341, 'کهريزک', 4, 8),
(342, 'تجريش', 4, 8),
(343, 'شمشک', 4, 8),
(344, 'فشم', 4, 8),
(345, 'لواسان', 4, 8),
(346, 'انديشه', 4, 8),
(347, 'باغستان', 4, 8),
(348, 'شاهدشهر', 4, 8),
(349, 'شهريار', 4, 8),
(350, 'صباشهر', 4, 8),
(351, 'فردوسيه', 4, 8),
(352, 'وحيديه', 4, 8),
(353, 'ارجمند', 4, 8),
(354, 'فيروزکوه', 4, 8),
(355, 'قدس', 4, 8),
(356, 'قرچک', 4, 8),
(357, 'صفادشت', 4, 8),
(358, 'ملارد', 4, 8),
(359, 'جوادآباد', 4, 8),
(360, 'ورامين', 4, 8),
(361, 'اردل', 4, 9),
(362, 'دشتک', 4, 9),
(363, 'سرخون', 4, 9),
(364, 'کاج', 4, 9),
(365, 'بروجن', 4, 9),
(366, 'بلداجي', 4, 9),
(367, 'سفيددشت', 4, 9),
(368, 'فرادبنه', 4, 9),
(369, 'گندمان', 4, 9),
(370, 'نقنه', 4, 9),
(371, 'بن', 4, 9),
(372, 'وردنجان', 4, 9),
(373, 'سامان', 4, 9),
(374, 'سودجان', 4, 9),
(375, 'سورشجان', 4, 9),
(376, 'شهرکرد', 4, 9),
(377, 'طاقانک', 4, 9),
(378, 'فرخ شهر', 4, 9),
(379, 'کيان', 4, 9),
(380, 'نافچ', 4, 9),
(381, 'هاروني', 4, 9),
(382, 'هفشجان', 4, 9),
(383, 'باباحيدر', 4, 9),
(384, 'پردنجان', 4, 9),
(385, 'جونقان', 4, 9),
(386, 'چليچه', 4, 9),
(387, 'فارسان', 4, 9),
(388, 'گوجان', 4, 9),
(389, 'بازفت', 4, 9),
(390, 'چلگرد', 4, 9),
(391, 'صمصامي', 4, 9),
(392, 'دستنا', 4, 9),
(393, 'شلمزار', 4, 9),
(394, 'گهرو', 4, 9),
(395, 'ناغان', 4, 9),
(396, 'آلوني', 4, 9),
(397, 'سردشت', 4, 9),
(398, 'لردگان', 4, 9),
(399, 'مال خليفه', 4, 9),
(400, 'منج', 4, 9),
(401, 'ارسک', 4, 10),
(402, 'بشرويه', 4, 10),
(403, 'بيرجند', 4, 10),
(404, 'خوسف', 4, 10),
(405, 'محمدشهر', 4, 10),
(406, 'اسديه', 4, 10),
(407, 'طبس مسينا', 4, 10),
(408, 'قهستان', 4, 10),
(409, 'گزيک', 4, 10),
(410, 'حاجي آباد', 4, 10),
(411, 'زهان', 4, 10),
(412, 'آيسک', 4, 10),
(413, 'سرايان', 4, 10),
(414, 'سه قلعه', 4, 10),
(415, 'سربيشه', 4, 10),
(416, 'مود', 4, 10),
(417, 'ديهوک', 4, 10),
(418, 'طبس', 4, 10),
(419, 'عشق آباد', 4, 10),
(420, 'اسلاميه', 4, 10),
(421, 'فردوس', 4, 10),
(422, 'آرين شهر', 4, 10),
(423, 'اسفدن', 4, 10),
(424, 'خضري دشت بياض', 4, 10),
(425, 'قاين', 4, 10),
(426, 'نيمبلوک', 4, 10),
(427, 'شوسف', 4, 10),
(428, 'نهبندان', 4, 10),
(429, 'باخرز', 4, 11),
(430, 'بجستان', 4, 11),
(431, 'يونسي', 4, 11),
(432, 'انابد', 4, 11),
(433, 'بردسکن', 4, 11),
(434, 'شهراباد', 4, 11),
(435, 'شانديز', 4, 11),
(436, 'طرقبه', 4, 11),
(437, 'تايباد', 4, 11),
(438, 'کاريز', 4, 11),
(439, 'مشهدريزه', 4, 11),
(440, 'احمدابادصولت', 4, 11),
(441, 'تربت جام', 4, 11),
(442, 'صالح آباد', 4, 11),
(443, 'نصرآباد', 4, 11),
(444, 'نيل شهر', 4, 11),
(445, 'بايک', 4, 11),
(446, 'تربت حيدريه', 4, 11),
(447, 'رباط سنگ', 4, 11),
(448, 'کدکن', 4, 11),
(449, 'جغتاي', 4, 11),
(450, 'نقاب', 4, 11),
(451, 'چناران', 4, 11),
(452, 'گلبهار', 4, 11),
(453, 'گلمکان', 4, 11),
(454, 'خليل آباد', 4, 11),
(455, 'کندر', 4, 11),
(456, 'خواف', 4, 11),
(457, 'سلامي', 4, 11),
(458, 'سنگان', 4, 11),
(459, 'قاسم آباد', 4, 11),
(460, 'نشتيفان', 4, 11),
(461, 'سلطان آباد', 4, 11),
(462, 'داورزن', 4, 11),
(463, 'چاپشلو', 4, 11),
(464, 'درگز', 4, 11),
(465, 'لطف آباد', 4, 11),
(466, 'نوخندان', 4, 11),
(467, 'جنگل', 4, 11),
(468, 'رشتخوار', 4, 11),
(469, 'دولت آباد', 4, 11),
(470, 'روداب', 4, 11),
(471, 'سبزوار', 4, 11),
(472, 'ششتمد', 4, 11),
(473, 'سرخس', 4, 11),
(474, 'مزدآوند', 4, 11),
(475, 'سفيدسنگ', 4, 11),
(476, 'فرهادگرد', 4, 11),
(477, 'فريمان', 4, 11),
(478, 'قلندرآباد', 4, 11),
(479, 'فيروزه', 4, 11),
(480, 'همت آباد', 4, 11),
(481, 'باجگيران', 4, 11),
(482, 'قوچان', 4, 11),
(483, 'ريوش', 4, 11),
(484, 'کاشمر', 4, 11),
(485, 'شهرزو', 4, 11),
(486, 'کلات', 4, 11),
(487, 'بيدخت', 4, 11),
(488, 'کاخک', 4, 11),
(489, 'گناباد', 4, 11),
(490, 'رضويه', 4, 11),
(491, 'مشهد', 4, 11),
(492, 'مشهد ثامن', 4, 11),
(493, 'ملک آباد', 4, 11),
(494, 'شادمهر', 4, 11),
(495, 'فيض آباد', 4, 11),
(496, 'بار', 4, 11),
(497, 'چکنه', 4, 11),
(498, 'خرو', 4, 11),
(499, 'درود', 4, 11),
(500, 'عشق آباد', 4, 11),
(501, 'قدمگاه', 4, 11),
(502, 'نيشابور', 4, 11),
(503, 'اسفراين', 4, 12),
(504, 'صفي آباد', 4, 12),
(505, 'بجنورد', 4, 12),
(506, 'چناران شهر', 4, 12),
(507, 'حصارگرمخان', 4, 12),
(508, 'جاجرم', 4, 12),
(509, 'سنخواست', 4, 12),
(510, 'شوقان', 4, 12),
(511, 'راز', 4, 12),
(514, 'قوشخانه', 4, 12),
(515, 'لوجلي', 4, 12),
(516, 'تيتکانلو', 4, 12),
(517, 'فاروج', 4, 12),
(518, 'ايور', 4, 12),
(519, 'درق', 4, 12),
(520, 'گرمه', 4, 12),
(521, 'آشخانه', 4, 12),
(522, 'آوا', 4, 12),
(523, 'پيش قلعه', 4, 12),
(524, 'قاضي', 4, 12),
(525, 'آبادان', 4, 13),
(526, 'اروندکنار', 4, 13),
(527, 'چويبده', 4, 13),
(528, 'آغاجاري', 4, 13),
(529, 'اميديه', 4, 13),
(530, 'جايزان', 4, 13),
(531, 'آبژدان', 4, 13),
(532, 'قلعه خواجه', 4, 13),
(533, 'آزادي', 4, 13),
(534, 'انديمشک', 4, 13),
(535, 'بيدروبه', 4, 13),
(536, 'چم گلک', 4, 13),
(537, 'حسينيه', 4, 13),
(538, 'الهايي', 4, 13),
(539, 'اهواز', 4, 13),
(540, 'ايذه', 4, 13),
(541, 'دهدز', 4, 13),
(542, 'باغ ملک', 4, 13),
(543, 'صيدون', 4, 13),
(544, 'قلعه تل', 4, 13),
(545, 'ميداود', 4, 13),
(546, 'شيبان', 4, 13),
(547, 'ملاثاني', 4, 13),
(548, 'ويس', 4, 13),
(549, 'بندرامام خميني', 4, 13),
(550, 'بندرماهشهر', 4, 13),
(551, 'چمران', 4, 13),
(552, 'بهبهان', 4, 13),
(553, 'تشان', 4, 13),
(554, 'سردشت', 4, 13),
(555, 'منصوريه', 4, 13),
(556, 'حميديه', 4, 13),
(557, 'خرمشهر', 4, 13),
(558, 'مقاومت', 4, 13),
(559, 'مينوشهر', 4, 13),
(560, 'چغاميش', 4, 13),
(561, 'حمزه', 4, 13),
(562, 'دزفول', 4, 13),
(563, 'سالند', 4, 13),
(564, 'سياه منصور', 4, 13),
(565, 'شمس آباد', 4, 13),
(566, 'شهر امام', 4, 13),
(567, 'صفي آباد', 4, 13),
(568, 'ميانرود', 4, 13),
(569, 'ابوحميظه', 4, 13),
(570, 'بستان', 4, 13),
(571, 'سوسنگرد', 4, 13),
(572, 'کوت سيدنعيم', 4, 13),
(573, 'رامشير', 4, 13),
(574, 'مشراگه', 4, 13),
(575, 'رامهرمز', 4, 13),
(576, 'خنافره', 4, 13),
(577, 'دارخوين', 4, 13),
(578, 'شادگان', 4, 13),
(579, 'الوان', 4, 13),
(580, 'حر', 4, 13),
(581, 'شاوور', 4, 13),
(582, 'شوش', 4, 13),
(583, 'فتح المبين', 4, 13),
(584, 'سرداران', 4, 13),
(585, 'شرافت', 4, 13),
(586, 'شوشتر', 4, 13),
(587, 'گوريه', 4, 13),
(588, 'کوت عبداله', 4, 13),
(589, 'ترکالکي', 4, 13),
(590, 'جنت مکان', 4, 13),
(591, 'سماله', 4, 13),
(592, 'صالح شهر', 4, 13),
(593, 'گتوند', 4, 13),
(594, 'لالي', 4, 13),
(595, 'گلگير', 4, 13),
(596, 'مسجدسليمان', 4, 13),
(597, 'هفتگل', 4, 13),
(598, 'زهره', 4, 13),
(599, 'هنديجان', 4, 13),
(600, 'رفيع', 4, 13),
(601, 'هويزه', 4, 13),
(602, 'ابهر', 4, 14),
(603, 'صايين قلعه', 4, 14),
(604, 'هيدج', 4, 14),
(605, 'حلب', 4, 14),
(606, 'زرين آباد', 4, 14),
(607, 'زرين رود', 4, 14),
(608, 'سجاس', 4, 14),
(609, 'سهرورد', 4, 14),
(610, 'قيدار', 4, 14),
(611, 'کرسف', 4, 14),
(612, 'گرماب', 4, 14),
(613, 'نوربهار', 4, 14),
(614, 'خرمدره', 4, 14),
(615, 'ارمغانخانه', 4, 14),
(616, 'زنجان', 4, 14),
(617, 'نيک پي', 4, 14),
(618, 'سلطانيه', 4, 14),
(619, 'آب بر', 4, 14),
(620, 'چورزق', 4, 14),
(621, 'دندي', 4, 14),
(622, 'ماه نشان', 4, 14),
(623, 'آرادان', 4, 15),
(624, 'کهن آباد', 4, 15),
(625, 'اميريه', 4, 15),
(626, 'دامغان', 4, 15),
(627, 'ديباج', 4, 15),
(628, 'کلاته', 4, 15),
(629, 'سرخه', 4, 15),
(630, 'سمنان', 4, 15),
(631, 'بسطام', 4, 15),
(632, 'بيارجمند', 4, 15),
(633, 'روديان', 4, 15),
(634, 'شاهرود', 4, 15),
(635, 'کلاته خيج', 4, 15),
(636, 'مجن', 4, 15),
(637, 'ايوانکي', 4, 15),
(638, 'گرمسار', 4, 15),
(639, 'درجزين', 4, 15),
(640, 'شهميرزاد', 4, 15),
(641, 'مهدي شهر', 4, 15),
(642, 'ميامي', 4, 15),
(643, 'ايرانشهر', 4, 16),
(644, 'بزمان', 4, 16),
(645, 'بمپور', 4, 16),
(646, 'محمدان', 4, 16),
(647, 'چابهار', 4, 16),
(648, 'نگور', 4, 16),
(649, 'خاش', 4, 16),
(650, 'نوک آباد', 4, 16),
(651, 'گلمورتي', 4, 16),
(652, 'بنجار', 4, 16),
(653, 'زابل', 4, 16),
(654, 'زاهدان', 4, 16),
(655, 'نصرت آباد', 4, 16),
(656, 'زهک', 4, 16),
(657, 'جالق', 4, 16),
(658, 'سراوان', 4, 16),
(659, 'سيرکان', 4, 16),
(660, 'گشت', 4, 16),
(661, 'محمدي', 4, 16),
(662, 'پيشين', 4, 16),
(663, 'راسک', 4, 16),
(664, 'سرباز', 4, 16),
(665, 'سوران', 4, 16),
(666, 'هيدوچ', 4, 16),
(667, 'فنوج', 4, 16),
(668, 'قصرقند', 4, 16),
(669, 'زرآباد', 4, 16),
(670, 'کنارک', 4, 16),
(671, 'مهرستان', 4, 16),
(672, 'ميرجاوه', 4, 16),
(673, 'اسپکه', 4, 16),
(674, 'بنت', 4, 16),
(675, 'نيک شهر', 4, 16),
(676, 'اديمي', 4, 16),
(677, 'شهرک علي اکبر', 4, 16),
(678, 'محمدآباد', 4, 16),
(679, 'دوست محمد', 4, 16),
(680, 'آباده', 4, 17),
(681, 'ايزدخواست', 4, 17),
(682, 'بهمن', 4, 17),
(683, 'سورمق', 4, 17),
(684, 'صغاد', 4, 17),
(685, 'ارسنجان', 4, 17),
(686, 'استهبان', 4, 17),
(687, 'ايج', 4, 17),
(688, 'رونيز', 4, 17),
(689, 'اقليد', 4, 17),
(690, 'حسن اباد', 4, 17),
(691, 'دژکرد', 4, 17),
(692, 'سده', 4, 17),
(693, 'بوانات', 4, 17),
(694, 'حسامي', 4, 17),
(695, 'کره اي', 4, 17),
(696, 'مزايجان', 4, 17),
(697, 'سعادت شهر', 4, 17),
(698, 'مادرسليمان', 4, 17),
(699, 'باب انار', 4, 17),
(700, 'جهرم', 4, 17),
(701, 'خاوران', 4, 17),
(702, 'دوزه', 4, 17),
(703, 'قطب آباد', 4, 17),
(704, 'خرامه', 4, 17),
(705, 'سلطان شهر', 4, 17),
(706, 'صفاشهر', 4, 17),
(707, 'قادراباد', 4, 17),
(708, 'خنج', 4, 17),
(709, 'جنت شهر', 4, 17),
(710, 'داراب', 4, 17),
(711, 'دوبرجي', 4, 17),
(712, 'فدامي', 4, 17),
(713, 'کوپن', 4, 17),
(714, 'مصيري', 4, 17),
(715, 'حاجي آباد', 4, 17),
(716, 'دبيران', 4, 17),
(717, 'شهرپير', 4, 17),
(718, 'اردکان', 4, 17),
(719, 'بيضا', 4, 17),
(720, 'هماشهر', 4, 17),
(721, 'سروستان', 4, 17),
(722, 'کوهنجان', 4, 17),
(723, 'خانه زنيان', 4, 17),
(724, 'داريان', 4, 17),
(725, 'زرقان', 4, 17),
(726, 'شهرصدرا', 4, 17),
(727, 'شيراز', 4, 17),
(728, 'لپويي', 4, 17),
(729, 'دهرم', 4, 17),
(730, 'فراشبند', 4, 17),
(731, 'نوجين', 4, 17),
(732, 'زاهدشهر', 4, 17),
(733, 'ششده', 4, 17),
(734, 'فسا', 4, 17),
(735, 'قره بلاغ', 4, 17),
(736, 'ميانشهر', 4, 17),
(737, 'نوبندگان', 4, 17),
(738, 'فيروزآباد', 4, 17),
(739, 'ميمند', 4, 17),
(740, 'افزر', 4, 17),
(741, 'امام شهر', 4, 17),
(742, 'قير', 4, 17),
(743, 'کارزين [فتح آباد)', 4, 17),
(744, 'مبارک آبادديز', 4, 17),
(745, 'بالاده', 4, 17),
(746, 'خشت', 4, 17),
(747, 'قايميه', 4, 17),
(748, 'کازرون', 4, 17),
(749, 'کنارتخته', 4, 17),
(750, 'نودان', 4, 17),
(751, 'کوار', 4, 17),
(752, 'گراش', 4, 17),
(753, 'اوز', 4, 17),
(754, 'بنارويه', 4, 17),
(755, 'بيرم', 4, 17),
(756, 'جويم', 4, 17),
(757, 'خور', 4, 17),
(758, 'عمادده', 4, 17),
(759, 'لار', 4, 17),
(760, 'لطيفي', 4, 17),
(761, 'اشکنان', 4, 17),
(762, 'اهل', 4, 17),
(763, 'علامرودشت', 4, 17),
(764, 'لامرد', 4, 17),
(765, 'خانيمن', 4, 17),
(766, 'رامجرد', 4, 17),
(767, 'سيدان', 4, 17),
(768, 'کامفيروز', 4, 17),
(769, 'مرودشت', 4, 17),
(770, 'بابامنير', 4, 17),
(771, 'خومه زار', 4, 17),
(772, 'نورآباد', 4, 17),
(773, 'اسير', 4, 17),
(774, 'خوزي', 4, 17),
(775, 'گله دار', 4, 17),
(776, 'مهر', 4, 17),
(777, 'وراوي', 4, 17),
(778, 'آباده طشک', 4, 17),
(779, 'قطرويه', 4, 17),
(780, 'مشکان', 4, 17),
(781, 'ني ريز', 4, 17),
(782, 'آبيک', 4, 18),
(783, 'خاکعلي', 4, 18),
(784, 'آبگرم', 4, 18),
(785, 'آوج', 4, 18),
(786, 'الوند', 4, 18),
(787, 'بيدستان', 4, 18),
(788, 'شريفيه', 4, 18),
(789, 'محمديه', 4, 18),
(790, 'ارداق', 4, 18),
(791, 'بويين زهرا', 4, 18),
(792, 'دانسفهان', 4, 18),
(793, 'سگزآباد', 4, 18),
(794, 'شال', 4, 18),
(795, 'اسفرورين', 4, 18),
(796, 'تاکستان', 4, 18),
(797, 'خرمدشت', 4, 18),
(798, 'ضياڈآباد', 4, 18),
(799, 'نرجه', 4, 18),
(800, 'اقباليه', 4, 18),
(801, 'رازميان', 4, 18),
(802, 'سيردان', 4, 18),
(803, 'قزوين', 4, 18),
(804, 'کوهين', 4, 18),
(805, 'محمودآبادنمونه', 4, 18),
(806, 'معلم کلايه', 4, 18),
(807, 'جعفريه', 4, 19),
(808, 'دستجرد', 4, 19),
(809, 'سلفچگان', 4, 19),
(810, 'قم', 4, 19),
(811, 'قنوات', 4, 19),
(812, 'کهک', 4, 19),
(813, 'آرمرده', 4, 20),
(814, 'بانه', 4, 20),
(815, 'بويين سفلي', 4, 20),
(816, 'کاني سور', 4, 20),
(817, 'بابارشاني', 4, 20),
(818, 'بيجار', 4, 20),
(819, 'پيرتاج', 4, 20),
(820, 'توپ آغاج', 4, 20),
(821, 'ياسوکند', 4, 20),
(822, 'بلبان آباد', 4, 20),
(823, 'دهگلان', 4, 20),
(824, 'ديواندره', 4, 20),
(825, 'زرينه', 4, 20),
(826, 'اورامان تخت', 4, 20),
(827, 'سروآباد', 4, 20),
(828, 'سقز', 4, 20),
(829, 'صاحب', 4, 20),
(830, 'سنندج', 4, 20),
(831, 'شويشه', 4, 20),
(832, 'دزج', 4, 20),
(833, 'دلبران', 4, 20),
(834, 'سريش آباد', 4, 20),
(835, 'قروه', 4, 20),
(836, 'کامياران', 4, 20),
(837, 'موچش', 4, 20),
(838, 'برده رشه', 4, 20),
(839, 'چناره', 4, 20),
(840, 'کاني دينار', 4, 20),
(841, 'مريوان', 4, 20),
(842, 'ارزوييه', 4, 21),
(843, 'امين شهر', 4, 21),
(844, 'انار', 4, 21),
(845, 'بافت', 4, 21),
(846, 'بزنجان', 4, 21),
(847, 'بردسير', 4, 21),
(848, 'دشتکار', 4, 21),
(849, 'گلزار', 4, 21),
(850, 'لاله زار', 4, 21),
(851, 'نگار', 4, 21),
(852, 'بروات', 4, 21),
(853, 'بم', 4, 21),
(854, 'بلوک', 4, 21),
(855, 'جبالبارز', 4, 21),
(856, 'جيرفت', 4, 21),
(857, 'درب بهشت', 4, 21),
(858, 'رابر', 4, 21),
(859, 'هنزا', 4, 21),
(860, 'راور', 4, 21),
(861, 'هجدک', 4, 21),
(862, 'بهرمان', 4, 21),
(863, 'رفسنجان', 4, 21),
(864, 'صفاييه', 4, 21),
(865, 'کشکوييه', 4, 21),
(866, 'مس سرچشمه', 4, 21),
(867, 'رودبار', 4, 21),
(868, 'زهکلوت', 4, 21),
(869, 'گنبکي', 4, 21),
(870, 'محمدآباد', 4, 21),
(871, 'خانوک', 4, 21),
(872, 'ريحان', 4, 21),
(873, 'زرند', 4, 21),
(874, 'يزدان شهر', 4, 21),
(875, 'بلورد', 4, 21),
(876, 'پاريز', 4, 21),
(877, 'خواجو شهر', 4, 21),
(878, 'زيدآباد', 4, 21),
(879, 'سيرجان', 4, 21),
(880, 'نجف شهر', 4, 21),
(881, 'هماشهر', 4, 21),
(882, 'جوزم', 4, 21),
(883, 'خاتون اباد', 4, 21),
(884, 'خورسند', 4, 21),
(885, 'دهج', 4, 21),
(886, 'شهربابک', 4, 21),
(887, 'دوساري', 4, 21),
(888, 'عنبرآباد', 4, 21),
(889, 'مردهک', 4, 21),
(890, 'فارياب', 4, 21),
(891, 'فهرج', 4, 21),
(892, 'قلعه گنج', 4, 21),
(893, 'اختيارآباد', 4, 21),
(894, 'اندوهجرد', 4, 21),
(895, 'باغين', 4, 21),
(896, 'جوپار', 4, 21),
(897, 'چترود', 4, 21),
(898, 'راين', 4, 21),
(899, 'زنگي آباد', 4, 21),
(900, 'شهداد', 4, 21),
(901, 'کاظم آباد', 4, 21),
(902, 'کرمان', 4, 21),
(903, 'گلباف', 4, 21),
(904, 'ماهان', 4, 21),
(905, 'محي آباد', 4, 21),
(906, 'کوهبنان', 4, 21),
(907, 'کيانشهر', 4, 21),
(908, 'کهنوج', 4, 21),
(909, 'منوجان', 4, 21),
(910, 'نودژ', 4, 21),
(911, 'نرماشير', 4, 21),
(912, 'نظام شهر', 4, 21),
(913, 'اسلام آبادغرب', 4, 22),
(914, 'حميل', 4, 22),
(915, 'بانوره', 4, 22),
(916, 'باينگان', 4, 22),
(917, 'پاوه', 4, 22),
(918, 'نودشه', 4, 22),
(919, 'نوسود', 4, 22),
(920, 'ازگله', 4, 22),
(921, 'تازه آباد', 4, 22),
(922, 'جوانرود', 4, 22),
(923, 'ريجاب', 4, 22),
(924, 'کرند', 4, 22),
(925, 'گهواره', 4, 22),
(926, 'روانسر', 4, 22),
(927, 'شاهو', 4, 22),
(928, 'سرپل ذهاب', 4, 22),
(929, 'سطر', 4, 22),
(930, 'سنقر', 4, 22),
(931, 'صحنه', 4, 22),
(932, 'ميان راهان', 4, 22),
(933, 'سومار', 4, 22),
(934, 'قصرشيرين', 4, 22),
(935, 'رباط', 4, 22),
(936, 'کرمانشاه', 4, 22),
(937, 'کوزران', 4, 22),
(938, 'هلشي', 4, 22),
(939, 'کنگاور', 4, 22),
(940, 'گودين', 4, 22),
(941, 'سرمست', 4, 22),
(942, 'گيلانغرب', 4, 22),
(943, 'بيستون', 4, 22),
(944, 'هرسين', 4, 22),
(945, 'باشت', 4, 23),
(946, 'چيتاب', 4, 23),
(947, 'گراب سفلي', 4, 23),
(948, 'مادوان', 4, 23),
(949, 'مارگون', 4, 23),
(950, 'ياسوج', 4, 23),
(951, 'ليکک', 4, 23),
(952, 'چرام', 4, 23),
(953, 'سرفارياب', 4, 23),
(954, 'پاتاوه', 4, 23),
(955, 'سي سخت', 4, 23),
(956, 'دهدشت', 4, 23),
(957, 'ديشموک', 4, 23),
(958, 'سوق', 4, 23),
(959, 'قلعه رييسي', 4, 23),
(960, 'دوگنبدان', 4, 23),
(961, 'لنده', 4, 23),
(962, 'آزادشهر', 4, 24),
(963, 'نگين شهر', 4, 24),
(964, 'نوده خاندوز', 4, 24),
(965, 'آق قلا', 4, 24),
(966, 'انبارآلوم', 4, 24),
(967, 'بندرگز', 4, 24),
(968, 'نوکنده', 4, 24),
(969, 'بندرترکمن', 4, 24),
(970, 'تاتارعليا', 4, 24),
(971, 'خان ببين', 4, 24),
(972, 'دلند', 4, 24),
(973, 'راميان', 4, 24),
(974, 'سنگدوين', 4, 24),
(975, 'علي اباد', 4, 24),
(976, 'فاضل آباد', 4, 24),
(977, 'مزرعه', 4, 24),
(978, 'کردکوي', 4, 24),
(979, 'فراغي', 4, 24),
(980, 'کلاله', 4, 24),
(981, 'گاليکش', 4, 24),
(982, 'جلين', 4, 24),
(983, 'سرخنکلاته', 4, 24),
(984, 'گرگان', 4, 24),
(985, 'سيمين شهر', 4, 24),
(986, 'گميش تپه', 4, 24),
(987, 'اينچه برون', 4, 24),
(988, 'گنبدکاووس', 4, 24),
(989, 'مراوه', 4, 24),
(990, 'مينودشت', 4, 24),
(991, 'آستارا', 4, 25),
(992, 'لوندويل', 4, 25),
(993, 'آستانه اشرفيه', 4, 25),
(994, 'کياشهر', 4, 25),
(995, 'املش', 4, 25),
(996, 'رانکوه', 4, 25),
(997, 'بندرانزلي', 4, 25),
(998, 'خشکبيجار', 4, 25),
(999, 'خمام', 4, 25),
(1000, 'رشت', 4, 25),
(1001, 'سنگر', 4, 25),
(1002, 'کوچصفهان', 4, 25),
(1003, 'لشت نشاء', 4, 25),
(1004, 'لولمان', 4, 25),
(1005, 'پره سر', 4, 25),
(1006, 'رضوانشهر', 4, 25),
(1007, 'بره سر', 4, 25),
(1008, 'توتکابن', 4, 25),
(1009, 'جيرنده', 4, 25),
(1010, 'رستم آباد', 4, 25),
(1011, 'رودبار', 4, 25),
(1012, 'لوشان', 4, 25),
(1013, 'منجيل', 4, 25),
(1014, 'چابکسر', 4, 25),
(1015, 'رحيم آباد', 4, 25),
(1016, 'رودسر', 4, 25),
(1017, 'کلاچاي', 4, 25),
(1018, 'واجارگاه', 4, 25),
(1019, 'ديلمان', 4, 25),
(1020, 'سياهکل', 4, 25),
(1021, 'احمدسرگوراب', 4, 25),
(1022, 'شفت', 4, 25),
(1023, 'صومعه سرا', 4, 25),
(1024, 'گوراب زرميخ', 4, 25),
(1025, 'مرجقل', 4, 25),
(1026, 'اسالم', 4, 25),
(1027, 'چوبر', 4, 25),
(1028, 'حويق', 4, 25),
(1029, 'ليسار', 4, 25),
(1030, 'هشتپر [تالش)', 4, 25),
(1031, 'فومن', 4, 25),
(1032, 'ماسوله', 4, 25),
(1033, 'ماکلوان', 4, 25),
(1034, 'رودبنه', 4, 25),
(1035, 'لاهيجان', 4, 25),
(1036, 'اطاقور', 4, 25),
(1037, 'چاف و چمخاله', 4, 25),
(1038, 'شلمان', 4, 25),
(1039, 'کومله', 4, 25),
(1040, 'لنگرود', 4, 25),
(1041, 'بازار جمعه', 4, 25),
(1042, 'ماسال', 4, 25),
(1043, 'ازنا', 4, 26),
(1044, 'مومن آباد', 4, 26),
(1045, 'اليگودرز', 4, 26),
(1046, 'شول آباد', 4, 26),
(1047, 'اشترينان', 4, 26),
(1048, 'بروجرد', 4, 26),
(1049, 'پلدختر', 4, 26),
(1050, 'معمولان', 4, 26),
(1051, 'بيران شهر', 4, 26),
(1052, 'خرم آباد', 4, 26),
(1053, 'زاغه', 4, 26),
(1054, 'سپيددشت', 4, 26),
(1055, 'نورآباد', 4, 26),
(1056, 'هفت چشمه', 4, 26),
(1057, 'چالانچولان', 4, 26),
(1058, 'دورود', 4, 26),
(1059, 'سراب دوره', 4, 26),
(1060, 'ويسيان', 4, 26),
(1061, 'چقابل', 4, 26),
(1062, 'الشتر', 4, 26),
(1063, 'فيروزآباد', 4, 26),
(1064, 'درب گنبد', 4, 26),
(1065, 'کوهدشت', 4, 26),
(1066, 'کوهناني', 4, 26),
(1067, 'گراب', 4, 26),
(1068, 'آمل', 4, 27),
(1069, 'امامزاده عبدالله', 4, 27),
(1070, 'دابودشت', 4, 27),
(1071, 'رينه', 4, 27),
(1072, 'گزنک', 4, 27),
(1073, 'اميرکلا', 4, 27),
(1074, 'بابل', 4, 27),
(1075, 'خوش رودپي', 4, 27),
(1076, 'زرگرمحله', 4, 27),
(1077, 'گتاب', 4, 27),
(1078, 'گلوگاه', 4, 27),
(1079, 'مرزيکلا', 4, 27),
(1080, 'بابلسر', 4, 27),
(1081, 'بهنمير', 4, 27),
(1082, 'هادي شهر', 4, 27),
(1083, 'بهشهر', 4, 27),
(1084, 'خليل شهر', 4, 27),
(1085, 'رستمکلا', 4, 27),
(1086, 'تنکابن', 4, 27),
(1087, 'خرم آباد', 4, 27),
(1088, 'شيرود', 4, 27),
(1089, 'نشتارود', 4, 27),
(1090, 'جويبار', 4, 27),
(1091, 'کوهي خيل', 4, 27),
(1092, 'چالوس', 4, 27),
(1093, 'مرزن آباد', 4, 27),
(1094, 'هچيرود', 4, 27),
(1095, 'رامسر', 4, 27),
(1096, 'کتالم وسادات شهر', 4, 27),
(1097, 'پايين هولار', 4, 27),
(1098, 'ساري', 4, 27),
(1099, 'فريم', 4, 27),
(1100, 'کياسر', 4, 27),
(1101, 'آلاشت', 4, 27),
(1102, 'پل سفيد', 4, 27),
(1103, 'زيرآب', 4, 27),
(1104, 'شيرگاه', 4, 27),
(1105, 'کياکلا', 4, 27),
(1106, 'سلمان شهر', 4, 27),
(1107, 'عباس اباد', 4, 27),
(1108, 'کلارآباد', 4, 27),
(1109, 'فريدونکنار', 4, 27),
(1110, 'ارطه', 4, 27),
(1111, 'قايم شهر', 4, 27),
(1112, 'کلاردشت', 4, 27),
(1113, 'گلوگاه', 4, 27),
(1114, 'سرخرود', 4, 27),
(1115, 'محمودآباد', 4, 27),
(1116, 'سورک', 4, 27),
(1117, 'نکا', 4, 27),
(1118, 'ايزدشهر', 4, 27),
(1119, 'بلده', 4, 27),
(1120, 'چمستان', 4, 27),
(1121, 'رويان', 4, 27),
(1122, 'نور', 4, 27),
(1123, 'پول', 4, 27),
(1124, 'کجور', 4, 27),
(1125, 'نوشهر', 4, 27),
(1126, 'آشتيان', 4, 28),
(1127, 'اراک', 4, 28),
(1128, 'داودآباد', 4, 28),
(1129, 'ساروق', 4, 28),
(1130, 'کارچان', 4, 28),
(1131, 'تفرش', 4, 28),
(1132, 'خمين', 4, 28),
(1133, 'قورچي باشي', 4, 28),
(1134, 'جاورسيان', 4, 28),
(1135, 'خنداب', 4, 28),
(1136, 'دليجان', 4, 28),
(1137, 'نراق', 4, 28),
(1138, 'پرندک', 4, 28),
(1139, 'خشکرود', 4, 28),
(1140, 'رازقان', 4, 28),
(1141, 'زاويه', 4, 28),
(1142, 'مامونيه', 4, 28),
(1143, 'آوه', 4, 28),
(1144, 'ساوه', 4, 28),
(1145, 'غرق آباد', 4, 28),
(1146, 'نوبران', 4, 28),
(1147, 'آستانه', 4, 28),
(1148, 'توره', 4, 28),
(1149, 'شازند', 4, 28),
(1150, 'شهباز', 4, 28),
(1151, 'مهاجران', 4, 28),
(1152, 'هندودر', 4, 28),
(1153, 'خنجين', 4, 28),
(1154, 'فرمهين', 4, 28),
(1155, 'کميجان', 4, 28),
(1156, 'ميلاجرد', 4, 28),
(1157, 'محلات', 4, 28),
(1158, 'نيمور', 4, 28),
(1159, 'ابوموسي', 4, 29),
(1160, 'بستک', 4, 29),
(1161, 'جناح', 4, 29),
(1162, 'سردشت', 4, 29),
(1163, 'گوهران', 4, 29),
(1164, 'بندرعباس', 4, 29),
(1165, 'تازيان پايين', 4, 29),
(1166, 'تخت', 4, 29),
(1167, 'فين', 4, 29),
(1168, 'قلعه قاضي', 4, 29),
(1169, 'بندرلنگه', 4, 29),
(1170, 'چارک', 4, 29),
(1171, 'کنگ', 4, 29),
(1172, 'کيش', 4, 29),
(1173, 'لمزان', 4, 29),
(1174, 'پارسيان', 4, 29),
(1175, 'دشتي', 4, 29),
(1176, 'کوشکنار', 4, 29),
(1177, 'بندرجاسک', 4, 29),
(1178, 'حاجي اباد', 4, 29),
(1179, 'سرگز', 4, 29),
(1180, 'فارغان', 4, 29),
(1181, 'خمير', 4, 29),
(1182, 'رويدر', 4, 29),
(1183, 'بيکاء', 4, 29),
(1184, 'دهبارز', 4, 29),
(1185, 'زيارتعلي', 4, 29),
(1186, 'سيريک', 4, 29),
(1187, 'کوهستک', 4, 29),
(1188, 'گروک', 4, 29),
(1189, 'درگهان', 4, 29),
(1190, 'سوزا', 4, 29),
(1191, 'قشم', 4, 29),
(1192, 'هرمز', 4, 29),
(1193, 'تيرور', 4, 29),
(1194, 'سندرک', 4, 29),
(1195, 'ميناب', 4, 29),
(1196, 'هشتبندي', 4, 29),
(1197, 'آجين', 4, 30),
(1198, 'اسدآباد', 4, 30),
(1199, 'بهار', 4, 30),
(1200, 'صالح آباد', 4, 30),
(1201, 'لالجين', 4, 30),
(1202, 'مهاجران', 4, 30),
(1203, 'تويسرکان', 4, 30),
(1204, 'سرکان', 4, 30),
(1205, 'فرسفج', 4, 30),
(1206, 'دمق', 4, 30),
(1207, 'رزن', 4, 30),
(1208, 'قروه درجزين', 4, 30),
(1209, 'فامنين', 4, 30),
(1210, 'شيرين سو', 4, 30),
(1211, 'کبودرآهنگ', 4, 30),
(1212, 'گل تپه', 4, 30),
(1213, 'ازندريان', 4, 30),
(1214, 'جوکار', 4, 30),
(1215, 'زنگنه', 4, 30),
(1216, 'سامن', 4, 30),
(1217, 'ملاير', 4, 30),
(1218, 'برزول', 4, 30),
(1219, 'فيروزان', 4, 30),
(1220, 'گيان', 4, 30),
(1221, 'نهاوند', 4, 30),
(1222, 'جورقان', 4, 30),
(1223, 'قهاوند', 4, 30),
(1224, 'مريانج', 4, 30),
(1225, 'همدان', 4, 30),
(1226, 'ابرکوه', 4, 31),
(1227, 'مهردشت', 4, 31),
(1228, 'احمدآباد', 4, 31),
(1229, 'اردکان', 4, 31),
(1230, 'عقدا', 4, 31),
(1231, 'اشکذر', 4, 31),
(1232, 'خضرآباد', 4, 31),
(1233, 'بافق', 4, 31),
(1234, 'بهاباد', 4, 31),
(1235, 'تفت', 4, 31),
(1236, 'نير', 4, 31),
(1237, 'مروست', 4, 31),
(1238, 'هرات', 4, 31),
(1239, 'مهريز', 4, 31),
(1240, 'بفروييه', 4, 31),
(1241, 'ميبد', 4, 31),
(1242, 'ندوشن', 4, 31),
(1243, 'حميديا', 4, 31),
(1244, 'زارچ', 4, 31),
(1245, 'شاهديه', 4, 31),
(1246, 'يزد', 4, 31),
(1247, 'گیلاوند', 4, 8),
(1248, 'شهرزیبا', 4, 8),
(1249, 'دولت آباد', 4, 8);

-- --------------------------------------------------------

--
-- Table structure for table `failed_jobs`
--

CREATE TABLE `failed_jobs` (
  `id` bigint(20) UNSIGNED NOT NULL,
  `uuid` varchar(255) NOT NULL,
  `connection` text NOT NULL,
  `queue` text NOT NULL,
  `payload` longtext NOT NULL,
  `exception` longtext NOT NULL,
  `failed_at` timestamp NOT NULL DEFAULT current_timestamp()
) ENGINE=InnoDB DEFAULT CHARSET=utf8mb4 COLLATE=utf8mb4_unicode_ci;

-- --------------------------------------------------------

--
-- Table structure for table `invoices`
--

CREATE TABLE `invoices` (
  `id` bigint(20) UNSIGNED NOT NULL,
  `user_id` bigint(20) UNSIGNED DEFAULT NULL COMMENT 'شناسه کاربری که این نقش را ایجاد کرده',
  `product_id` bigint(20) UNSIGNED DEFAULT NULL COMMENT 'شناسه محصول',
  `product_type` varchar(255) DEFAULT NULL COMMENT 'نوع محصول',
  `product_price` varchar(255) DEFAULT NULL COMMENT 'قیمت محصول',
  `type_use` varchar(255) DEFAULT NULL COMMENT 'نحوه استفاده',
  `certificate` varchar(255) DEFAULT NULL COMMENT 'گواهینامه میخواهد / نمیخواهد',
  `certificate_price` varchar(255) DEFAULT NULL COMMENT 'مبلغ گواهی نامه',
  `license` varchar(255) DEFAULT NULL COMMENT 'اعتبار',
  `license_time` varchar(255) DEFAULT NULL COMMENT 'زمان اعتبار',
  `license_price` varchar(255) DEFAULT NULL COMMENT 'مبلغ اعتبار',
  `offer_discount` varchar(255) DEFAULT NULL COMMENT 'مبلغ تخفیف اعمالی',
  `offer_percentage` varchar(255) DEFAULT NULL COMMENT 'درصد تخفیف اعمالی',
  `price` varchar(255) DEFAULT NULL COMMENT 'مبلغ',
  `price_status` varchar(255) DEFAULT NULL COMMENT 'وضعیت پرداخت',
  `transactionId` text DEFAULT NULL COMMENT 'کد پیگیری ارسال به درگاه',
  `referenceId` varchar(255) DEFAULT NULL COMMENT 'کد پیگیری دریافتی از درگاه',
  `created_at` timestamp NULL DEFAULT NULL,
  `updated_at` timestamp NULL DEFAULT NULL
) ENGINE=InnoDB DEFAULT CHARSET=utf8mb4 COLLATE=utf8mb4_unicode_ci;

-- --------------------------------------------------------

--
-- Table structure for table `log_activitis`
--

CREATE TABLE `log_activitis` (
  `id` bigint(20) UNSIGNED NOT NULL COMMENT 'شناسه یکتا لاگ فعالیت',
  `user_id` bigint(20) UNSIGNED NOT NULL COMMENT 'شناسه کاربری که این نقش را ایجاد کرده',
  `activity_type` varchar(255) NOT NULL COMMENT 'نوع فعالیت (مثل ورود به سیستم، بروزرسانی، حذف، مشاهده و...)',
  `description` text DEFAULT NULL COMMENT 'توضیحات مربوط به فعالیت',
  `ip_address` varchar(255) DEFAULT NULL COMMENT 'آدرس IP کاربر که فعالیت را انجام داده',
  `browser` varchar(255) DEFAULT NULL COMMENT 'مرورگر کاربر',
  `device` varchar(255) DEFAULT NULL COMMENT 'نوع دستگاه کاربر (موبایل، دسکتاپ و...)',
  `activity_time` timestamp NOT NULL DEFAULT current_timestamp() COMMENT 'زمان انجام فعالیت',
  `created_at` timestamp NULL DEFAULT NULL,
  `updated_at` timestamp NULL DEFAULT NULL
) ENGINE=InnoDB DEFAULT CHARSET=utf8mb4 COLLATE=utf8mb4_unicode_ci;

-- --------------------------------------------------------

--
-- Table structure for table `log_estelams`
--

CREATE TABLE `log_estelams` (
  `id` bigint(20) UNSIGNED NOT NULL,
  `title` varchar(255) DEFAULT NULL,
  `response` text DEFAULT NULL,
  `action_route` varchar(255) DEFAULT NULL,
  `date` varchar(255) DEFAULT NULL,
  `user_id` int(10) UNSIGNED NOT NULL,
  `created_at` timestamp NULL DEFAULT NULL,
  `updated_at` timestamp NULL DEFAULT NULL
) ENGINE=InnoDB DEFAULT CHARSET=utf8mb4 COLLATE=utf8mb4_unicode_ci;

-- --------------------------------------------------------

--
-- Table structure for table `log_users`
--

CREATE TABLE `log_users` (
  `id` bigint(20) UNSIGNED NOT NULL,
  `user_id` bigint(20) UNSIGNED DEFAULT NULL COMMENT 'کاربر ',
  `action` varchar(255) NOT NULL COMMENT 'فعالیت مربوطه ',
  `ip_address` varchar(255) DEFAULT NULL COMMENT 'ادرس ip کاربر ',
  `user_agent` text DEFAULT NULL COMMENT 'اطلاعات دستگاه کاربر ',
  `status` tinyint(1) NOT NULL DEFAULT 1 COMMENT 'وضعیت فعالیت true = success, false = failed ',
  `description` text DEFAULT NULL COMMENT 'توضیحات مربوط به فعالت ',
  `created_at` timestamp NULL DEFAULT NULL,
  `updated_at` timestamp NULL DEFAULT NULL
) ENGINE=InnoDB DEFAULT CHARSET=utf8mb4 COLLATE=utf8mb4_unicode_ci;

-- --------------------------------------------------------

--
-- Table structure for table `media_files`
--

CREATE TABLE `media_files` (
  `id` bigint(20) UNSIGNED NOT NULL,
  `title` varchar(255) DEFAULT NULL COMMENT 'نام اصلی',
  `slug` varchar(255) DEFAULT NULL COMMENT 'نام قابل استفاده',
  `original_name` varchar(255) DEFAULT NULL COMMENT 'نام اصلی فایل',
  `type` varchar(255) DEFAULT NULL COMMENT 'نوع فایل',
  `file_path` text DEFAULT NULL COMMENT 'آدرس فایل',
  `size` bigint(20) DEFAULT NULL COMMENT 'سایز فایل',
  `user_id` bigint(20) UNSIGNED DEFAULT NULL COMMENT 'شناسه کاربری که این نقش را ایجاد کرده',
  `status` tinyint(1) NOT NULL DEFAULT 0 COMMENT 'وضعیت زیرمنو (فعال/غیرفعال)',
  `role` tinyint(1) NOT NULL DEFAULT 0 COMMENT 'وضعیت نمایش ',
  `created_at` timestamp NULL DEFAULT NULL,
  `updated_at` timestamp NULL DEFAULT NULL
) ENGINE=InnoDB DEFAULT CHARSET=utf8mb4 COLLATE=utf8mb4_unicode_ci;

-- --------------------------------------------------------

--
-- Table structure for table `menus`
--

CREATE TABLE `menus` (
  `id` bigint(20) UNSIGNED NOT NULL COMMENT 'شناسه یکتا پنل منو',
  `priority` bigint(20) UNSIGNED NOT NULL COMMENT 'شماره اولویت',
  `label` varchar(255) NOT NULL COMMENT 'عنوان فارسی پنل منو',
  `title` varchar(255) NOT NULL COMMENT 'عنوان پنل منو',
  `slug` varchar(255) NOT NULL COMMENT 'آدرس منو یا شناسه منو',
  `icon` varchar(255) DEFAULT NULL COMMENT 'آیکون پنل منو',
  `submenu` tinyint(1) DEFAULT 0 COMMENT 'آیا منو زیرمنو دارد؟',
  `class` varchar(255) DEFAULT NULL COMMENT 'کلاس لاراول',
  `type` varchar(255) DEFAULT NULL COMMENT 'نوع استفاده site/panel/profile',
  `level` text DEFAULT NULL COMMENT 'سطح نمایش',
  `controller` varchar(255) DEFAULT NULL COMMENT 'کنترلر مرتبط با منو',
  `status` tinyint(1) NOT NULL DEFAULT 0 COMMENT 'وضعیت منو (فعال/غیرفعال)',
  `user_id` bigint(20) UNSIGNED NOT NULL COMMENT 'شناسه کاربری که این نقش را ایجاد کرده',
  `created_at` timestamp NULL DEFAULT NULL,
  `updated_at` timestamp NULL DEFAULT NULL
) ENGINE=InnoDB DEFAULT CHARSET=utf8mb4 COLLATE=utf8mb4_unicode_ci;

--
-- Dumping data for table `menus`
--

INSERT INTO `menus` (`id`, `priority`, `label`, `title`, `slug`, `icon`, `submenu`, `class`, `type`, `level`, `controller`, `status`, `user_id`, `created_at`, `updated_at`) VALUES
(1, 1, 'داشبورد', 'dashboard', 'dashboard', 'mdi-view-dashboard', 0, 'index', 'panel', NULL, 'IndexController', 4, 1, '2025-10-25 06:28:36', '2025-10-25 06:28:36'),
(2, 2, 'مدیریت داشبورد', 'dashboard manage', 'dashboard-manage', 'mdi-monitor-dashboard', 1, 'panel', 'panel', NULL, 'IndexController', 4, 1, '2025-10-25 06:28:36', '2025-10-25 06:28:36'),
(3, 3, 'مدیریت کاربران', 'user manage', 'user-manage', 'mdi-account-group', 1, 'index', 'panel', NULL, 'UserController', 4, 1, '2025-10-25 06:28:36', '2025-10-25 06:28:36'),
(4, 4, 'مدیریت سایت', 'site manage', 'site-manage', 'mdi-web-refresh', 1, 'index', 'panel', NULL, 'SiteController', 4, 1, '2025-10-25 06:28:36', '2025-10-25 06:28:36'),
(5, 5, 'مدیریت فایل‌ها', 'file manage', 'file-manage', 'mdi-file-chart', 1, 'index', 'panel', NULL, 'FileController', 4, 1, '2025-10-25 06:28:36', '2025-10-25 06:28:36'),
(6, 6, 'مدیریت تنظیمات', 'config manage', 'config-manage', 'mdi-cog', 0, 'index', 'panel', NULL, 'SettingController', 4, 1, '2025-10-25 06:28:36', '2025-10-25 06:28:36'),
(7, 7, 'پروفایل کاربری', 'profile', 'profile', 'mdi-account-circle', 0, 'index', 'panel', NULL, 'ProfileController', 4, 1, '2025-10-25 06:28:36', '2025-10-25 06:28:36'),
(9, 8, 'مدیریت مالی', 'finance', 'finance', 'mdi-finance', 1, 'index', 'panel', NULL, 'FinanceController', 4, 1, '2025-10-25 06:30:30', '2025-10-25 06:44:58'),
(11, 1, '', 'صفحه اصلی', '/', NULL, 0, 'index', 'site', NULL, 'IndexController', 4, 1, NULL, NULL),
(61, 2, 'دپارتمان دعاوی', 'دپارتمان دعاوی', 'دپارتمان-دعاوی', NULL, 1, 'departmandaavi', 'site', NULL, 'IndexController', 4, 1, NULL, NULL),
(62, 3, 'دپارتمان قراردادها', 'دپارتمان قراردادها', 'دپارتمان-قراردادها', NULL, 1, 'departmangharardad', 'site', NULL, 'IndexController', 4, 1, NULL, NULL),
(63, 4, 'دپارتمان آموزش و پژوهش', 'دپارتمان آموزش و پژوهش', 'دپارتمان-اموزش-و-پژوهش', NULL, 1, 'departmanamoozesh', 'site', NULL, 'IndexController', 4, 1, NULL, NULL),
(64, 5, 'خدمات', 'خدمات', 'خدمات', NULL, 1, 'service', 'site', NULL, 'IndexController', 4, 1, NULL, NULL),
(65, 6, 'تیم ما', 'تیم ما', 'تیم-ما', NULL, 1, 'team', 'site', NULL, 'IndexController', 4, 1, NULL, NULL),
(67, 7, 'سوالات متداول', 'سوالات متداول', 'سوالات-متداول', NULL, 0, 'questionlist', 'site', NULL, 'IndexController', 4, 1, NULL, NULL),
(70, 0, 'نمونه قراردادها', 'نمونه قراردادها', 'نمونه-قراردادها', NULL, 0, 'contract', 'site', NULL, 'IndexController', 4, 1, NULL, NULL);

-- --------------------------------------------------------

--
-- Table structure for table `migrations`
--

CREATE TABLE `migrations` (
  `id` int(10) UNSIGNED NOT NULL,
  `migration` varchar(255) NOT NULL,
  `batch` int(11) NOT NULL
) ENGINE=InnoDB DEFAULT CHARSET=utf8mb4 COLLATE=utf8mb4_unicode_ci;

--
-- Dumping data for table `migrations`
--

INSERT INTO `migrations` (`id`, `migration`, `batch`) VALUES
(1, '006_roles', 1),
(2, '007_states', 1),
(3, '008_cities', 1),
(4, '009_users', 1),
(5, '010_menus', 1),
(6, '011_submenus', 1),
(7, '014_permissions', 1),
(8, '015_permission_role', 1),
(9, '016_role_user', 1),
(10, '017_active_codes', 1),
(11, '018_log_users', 1),
(12, '019_products', 1),
(13, '020_media_files', 1),
(14, '021_log_activitis', 1),
(15, '022_visitors', 1),
(16, '023_password_reset_tokens_table', 1),
(17, '024_password_resets_table', 1),
(18, '025_add_two_factor_columns_to_users_table', 1),
(19, '026_failed_jobs_table', 1),
(20, '028_log_estelams', 1),
(21, '029_invoices_table', 1),
(22, '030_wallets_table', 1),
(23, '031_wallet_transactions_table', 1),
(24, '032_offers', 1),
(25, '2019_12_14_000001_create_personal_access_tokens_table', 1);

-- --------------------------------------------------------

--
-- Table structure for table `offers`
--

CREATE TABLE `offers` (
  `id` bigint(20) UNSIGNED NOT NULL,
  `user_id` bigint(20) UNSIGNED DEFAULT NULL COMMENT 'شناسه کاربری که این نقش را ایجاد کرده',
  `user_offer` bigint(20) UNSIGNED DEFAULT NULL COMMENT 'کد مخصوص کاربر',
  `product_id` bigint(20) UNSIGNED DEFAULT NULL COMMENT 'شناسه محصول',
  `offercode` varchar(255) DEFAULT NULL COMMENT 'کد تخفیف',
  `discount` varchar(255) DEFAULT '0' COMMENT 'مبلغ تخفیف',
  `percentage` varchar(255) DEFAULT '0' COMMENT 'درصد تخفیف',
  `status` tinyint(4) NOT NULL DEFAULT 1 COMMENT 'وضعیت فعال / غیر فعال',
  `created_at` timestamp NULL DEFAULT NULL,
  `updated_at` timestamp NULL DEFAULT NULL
) ENGINE=InnoDB DEFAULT CHARSET=utf8mb4 COLLATE=utf8mb4_unicode_ci;

-- --------------------------------------------------------

--
-- Table structure for table `password_resets`
--

CREATE TABLE `password_resets` (
  `email` varchar(255) NOT NULL,
  `token` varchar(255) NOT NULL,
  `created_at` timestamp NULL DEFAULT NULL
) ENGINE=InnoDB DEFAULT CHARSET=utf8mb4 COLLATE=utf8mb4_unicode_ci;

-- --------------------------------------------------------

--
-- Table structure for table `password_reset_tokens`
--

CREATE TABLE `password_reset_tokens` (
  `email` varchar(255) NOT NULL,
  `token` varchar(255) NOT NULL,
  `created_at` timestamp NULL DEFAULT NULL
) ENGINE=InnoDB DEFAULT CHARSET=utf8mb4 COLLATE=utf8mb4_unicode_ci;

-- --------------------------------------------------------

--
-- Table structure for table `permissions`
--

CREATE TABLE `permissions` (
  `id` bigint(20) UNSIGNED NOT NULL COMMENT 'شناسه یکتا سطح دسترسی',
  `title` varchar(255) NOT NULL COMMENT 'عنوان سطح دسترسی (نمایش در UI)',
  `label` varchar(255) NOT NULL COMMENT 'عنوان سطح دسترسی (نمایش در UI)',
  `slug` varchar(255) NOT NULL COMMENT 'نام یکتا سطح دسترسی برای استفاده در کد (مثلاً view-users)',
  `menu_panel_id` int(11) DEFAULT NULL COMMENT 'شناسه منوی اصلی که این دسترسی به آن مربوط می‌شود',
  `submenu_panel_id` int(11) DEFAULT NULL COMMENT 'شناسه زیرمنو (در صورت وجود)',
  `user_id` bigint(20) UNSIGNED NOT NULL COMMENT 'شناسه کاربری که این نقش را ایجاد کرده',
  `created_at` timestamp NULL DEFAULT NULL,
  `updated_at` timestamp NULL DEFAULT NULL
) ENGINE=InnoDB DEFAULT CHARSET=utf8mb4 COLLATE=utf8mb4_unicode_ci;

--
-- Dumping data for table `permissions`
--

INSERT INTO `permissions` (`id`, `title`, `label`, `slug`, `menu_panel_id`, `submenu_panel_id`, `user_id`, `created_at`, `updated_at`) VALUES
(21, 'dashboard', 'داشبورد', 'dashboard', 1, NULL, 1, '2025-10-25 06:28:36', '2025-10-25 06:28:36'),
(22, 'dashboard manage', 'مدیریت داشبورد', 'dashboard-manage', 2, NULL, 1, '2025-10-25 06:28:36', '2025-10-25 06:28:36'),
(23, 'user manage', 'مدیریت کاربران', 'user-manage', 3, NULL, 1, '2025-10-25 06:28:36', '2025-10-25 06:28:36'),
(24, 'site manage', 'مدیریت سایت', 'site-manage', 4, NULL, 1, '2025-10-25 06:28:36', '2025-10-25 06:28:36'),
(25, 'file manage', 'مدیریت فایل‌ها', 'file-manage', 5, NULL, 1, '2025-10-25 06:28:36', '2025-10-25 06:28:36'),
(26, 'config manage', 'مدیریت تنظیمات', 'config-manage', 6, NULL, 1, '2025-10-25 06:28:36', '2025-10-25 06:28:36'),
(27, 'profile', 'پروفایل کاربری', 'profile', 7, NULL, 1, '2025-10-25 06:28:36', '2025-10-25 06:28:36'),
(28, 'menupanel', 'مدیریت منو داشبورد', 'menupanel', 2, 1, 1, '2025-10-25 06:28:36', '2025-10-25 06:28:36'),
(29, 'submenupanel', 'مدیریت زیرمنو داشبورد', 'submenupanel', 2, 2, 1, '2025-10-25 06:28:36', '2025-10-25 06:28:36'),
(30, 'roleuser', 'مدیریت نقش کاربران', 'roleuser', 3, 3, 1, '2025-10-25 06:28:36', '2025-10-25 06:28:36'),
(31, 'finance', 'مدیریت مالی', 'finance', 9, NULL, 1, '2025-10-25 06:30:30', '2025-10-25 06:30:30'),
(32, 'paneluser', 'کاربران داشبورد', 'paneluser', 3, 13, 1, '2025-10-25 06:31:37', '2025-10-25 06:31:37'),
(33, 'siteuser', 'کاربران سایت', 'siteuser', 3, 14, 1, '2025-10-25 06:32:03', '2025-10-25 06:32:03'),
(34, 'file', 'لیست فایل ها', 'file', 5, 15, 1, '2025-10-25 06:32:35', '2025-10-25 06:32:35'),
(35, 'transaction', 'تراکنش ها', 'transaction', 9, 16, 1, '2025-10-25 06:34:23', '2025-10-25 06:34:23'),
(36, 'wallet', 'کیف پول', 'wallet', 9, 17, 1, '2025-10-25 06:34:43', '2025-10-25 06:34:43'),
(37, 'menusite', 'منو سایت', 'menusite', 4, 18, 1, '2025-10-25 06:46:19', '2025-10-25 06:46:19'),
(38, 'submenusite', 'زیرمنو سایت', 'submenusite', 4, 19, 1, '2025-10-25 06:46:47', '2025-10-25 06:46:47'),
(39, 'content', 'محتوای سایت', 'content', 4, 20, 1, '2025-10-25 06:47:28', '2025-10-25 06:47:28');

-- --------------------------------------------------------

--
-- Table structure for table `permission_role`
--

CREATE TABLE `permission_role` (
  `id` bigint(20) UNSIGNED NOT NULL COMMENT 'شناسه یکتا رکورد',
  `role_id` bigint(20) UNSIGNED NOT NULL COMMENT 'نقش کاربر',
  `permission_id` bigint(20) UNSIGNED NOT NULL COMMENT 'سطح کاربر',
  `can_view` tinyint(1) NOT NULL DEFAULT 0 COMMENT 'مجوز نمایش',
  `can_insert` tinyint(1) NOT NULL DEFAULT 0 COMMENT 'مجوز افزودن',
  `can_edit` tinyint(1) NOT NULL DEFAULT 0 COMMENT 'مجوز ویرایش',
  `can_delete` tinyint(1) NOT NULL DEFAULT 0 COMMENT 'مجوز پاک کردن',
  `created_at` timestamp NULL DEFAULT NULL,
  `updated_at` timestamp NULL DEFAULT NULL
) ENGINE=InnoDB DEFAULT CHARSET=utf8mb4 COLLATE=utf8mb4_unicode_ci;

--
-- Dumping data for table `permission_role`
--

INSERT INTO `permission_role` (`id`, `role_id`, `permission_id`, `can_view`, `can_insert`, `can_edit`, `can_delete`, `created_at`, `updated_at`) VALUES
(25, 1, 28, 1, 1, 1, 1, '2025-10-25 06:28:36', '2025-10-25 06:47:53'),
(26, 1, 29, 1, 1, 1, 1, '2025-10-25 06:28:36', '2025-10-25 06:47:53'),
(27, 1, 30, 1, 1, 1, 1, '2025-10-25 06:28:36', '2025-10-25 06:47:53'),
(28, 1, 32, 1, 1, 1, 1, '2025-10-25 06:35:00', '2025-10-25 06:47:53'),
(29, 1, 33, 1, 1, 1, 1, '2025-10-25 06:35:00', '2025-10-25 06:47:53'),
(30, 1, 34, 1, 1, 1, 1, '2025-10-25 06:35:00', '2025-10-25 06:47:53'),
(31, 1, 35, 1, 1, 1, 1, '2025-10-25 06:35:00', '2025-10-25 06:47:53'),
(32, 1, 36, 1, 1, 1, 1, '2025-10-25 06:35:00', '2025-10-25 06:47:53'),
(33, 1, 37, 1, 1, 1, 1, '2025-10-25 06:47:44', '2025-10-25 06:47:53'),
(34, 1, 38, 1, 1, 1, 1, '2025-10-25 06:47:44', '2025-10-25 06:47:53'),
(35, 1, 39, 1, 1, 1, 1, '2025-10-25 06:47:44', '2025-10-25 06:47:53');

-- --------------------------------------------------------

--
-- Table structure for table `personal_access_tokens`
--

CREATE TABLE `personal_access_tokens` (
  `id` bigint(20) UNSIGNED NOT NULL,
  `tokenable_type` varchar(255) NOT NULL,
  `tokenable_id` bigint(20) UNSIGNED NOT NULL,
  `name` varchar(255) NOT NULL,
  `token` varchar(64) NOT NULL,
  `abilities` text DEFAULT NULL,
  `last_used_at` timestamp NULL DEFAULT NULL,
  `expires_at` timestamp NULL DEFAULT NULL,
  `created_at` timestamp NULL DEFAULT NULL,
  `updated_at` timestamp NULL DEFAULT NULL
) ENGINE=InnoDB DEFAULT CHARSET=utf8mb4 COLLATE=utf8mb4_unicode_ci;

-- --------------------------------------------------------

--
-- Table structure for table `products`
--

CREATE TABLE `products` (
  `id` bigint(20) UNSIGNED NOT NULL,
  `priority` int(11) DEFAULT NULL COMMENT 'شماره اولویت نمایش',
  `title` varchar(255) NOT NULL COMMENT 'عنوان محصول',
  `en_title` varchar(255) DEFAULT NULL COMMENT 'عنوان انگلیسی',
  `sub_title` varchar(255) DEFAULT NULL COMMENT 'زیر عنوان',
  `slug` varchar(255) DEFAULT NULL COMMENT 'نام قابل استفاده',
  `item1` varchar(255) DEFAULT NULL COMMENT 'اختیاری',
  `item2` varchar(255) DEFAULT NULL COMMENT 'اختیاری',
  `item3` varchar(255) DEFAULT NULL COMMENT 'اختیاری',
  `item4` varchar(255) DEFAULT NULL COMMENT 'اختیاری',
  `item5` varchar(255) DEFAULT NULL COMMENT 'اختیاری',
  `price` varchar(255) NOT NULL DEFAULT '0' COMMENT 'مبلغ',
  `cover` varchar(255) DEFAULT NULL COMMENT 'تصویر کاور',
  `file_path` varchar(255) DEFAULT NULL COMMENT 'لینک فایل',
  `product_type` varchar(255) DEFAULT NULL COMMENT 'نوع محصول',
  `product_use` varchar(255) DEFAULT NULL COMMENT 'نوع استفاده',
  `product_time` varchar(255) DEFAULT NULL COMMENT 'زمان',
  `level` varchar(255) DEFAULT NULL COMMENT 'سطح قابل نمایش',
  `description` text DEFAULT NULL COMMENT 'توضیحات کلی',
  `full_description` longtext DEFAULT NULL COMMENT 'توضیحات طولانی',
  `start_date` date DEFAULT NULL COMMENT 'تاریخ شروع',
  `end_date` date DEFAULT NULL COMMENT 'تاریخ پایان',
  `exp_date` date DEFAULT NULL COMMENT 'تاریخ انقضا',
  `certificate` tinyint(1) NOT NULL DEFAULT 0 COMMENT 'وجوع / عدم وجود گواهی نامه',
  `cover_certificate` varchar(255) DEFAULT NULL COMMENT 'تصویر نمونه گواهی نامه',
  `type_certificate` varchar(255) DEFAULT NULL COMMENT 'نوع گاهی نامه',
  `price_certificate` varchar(255) DEFAULT NULL COMMENT 'هزینه گواهی نامه',
  `count_view` bigint(20) UNSIGNED NOT NULL DEFAULT 0 COMMENT 'تعداد بازدید',
  `count_click` bigint(20) UNSIGNED NOT NULL DEFAULT 0 COMMENT 'تعداد کلیک',
  `count_download` bigint(20) UNSIGNED NOT NULL DEFAULT 0 COMMENT 'تعداد دانلود',
  `status` tinyint(4) NOT NULL DEFAULT 1 COMMENT 'وضعیت نمایش',
  `user_id` bigint(20) UNSIGNED DEFAULT NULL COMMENT 'شناسه کاربری که این نقش را ایجاد کرده',
  `created_at` timestamp NULL DEFAULT NULL,
  `updated_at` timestamp NULL DEFAULT NULL
) ENGINE=InnoDB DEFAULT CHARSET=utf8mb4 COLLATE=utf8mb4_unicode_ci;

--
-- Dumping data for table `products`
--

INSERT INTO `products` (`id`, `priority`, `title`, `en_title`, `sub_title`, `slug`, `item1`, `item2`, `item3`, `item4`, `item5`, `price`, `cover`, `file_path`, `product_type`, `product_use`, `product_time`, `level`, `description`, `full_description`, `start_date`, `end_date`, `exp_date`, `certificate`, `cover_certificate`, `type_certificate`, `price_certificate`, `count_view`, `count_click`, `count_download`, `status`, `user_id`, `created_at`, `updated_at`) VALUES
(16, NULL, 'قانون جدید شورای حل اختلاف', NULL, NULL, 'قانون-جدید-شورای-حل-اختلاف', NULL, NULL, NULL, NULL, NULL, '50000', 'workshops/FZmeKdAPDUhZgrhSSV884s7cAZqdbq.jpg', NULL, 'workshop', '[\"\\u062d\\u0636\\u0648\\u0631\\u06cc,\\u0622\\u0646\\u0644\\u0627\\u06cc\\u0646\"]', '5', NULL, '<p>این کارگاه با موضوع : قانون جدید شورای حل اختلاف برای حقوق دانان و وکلا طراحی شده که با برنامه ریزی انجام شده در یک روز از صبح تا عصر فاگرفته خواهد شد</p>', NULL, '1403-05-11', NULL, NULL, 0, NULL, NULL, NULL, 0, 0, 0, 3, NULL, NULL, NULL),
(17, NULL, 'دوره ضربتی قانون اساسی', NULL, NULL, 'دوره-ضربتی-قانون-اساسی', NULL, NULL, NULL, NULL, NULL, '300000', 'workshops/nREoFTrJrRJvzuViDHZpg2uemMXJt8.jpg', NULL, 'workshop', '[\"\\u062d\\u0636\\u0648\\u0631\\u06cc,\\u0622\\u0646\\u0644\\u0627\\u06cc\\u0646\"]', '16', NULL, '<p>دوره ضربتی حقوق اساسی طی دو روز متوالی در روزهای 3 و 4 آبان ماه 1403 برگزار خواهد شد که جمعاً 16 ساعت کلاس خواهد بود. مدرس این دوره جناب آقای دکتر محمد مهدی سیفی از مدرسان دانشگاه در دروس حقوق اساسی هستند که رزومه ایشان در ادامه در خدمت شما دانشپذیران گرامی قرار گرفته است. با شرکت در این دوره بر تمام موضوعات سوال خیز آزمون وکالت (کانون وکلا و مرکز قوه قضاییه) مسلط خواهد شد و در کمترین زمان مطالعه این درس را به اتمام خواهید رساند. لازم به ذکر است که ظرفیت شرکت در این دوره به صورت حضوری محدود است و دوره بصورت آنلاین در پلتفرم قابل تعامل با استاد برگزار خواهد شد . البته تمامی دوره به صورت ویدئو در دسترس دانشپذیران محترم قرار خواهد گرفت.</p>', '<p>1- تسلط بر مباحث سوال خیز حقوق اساسی</p>\r\n\r\n<p>2- مرور سریع مباحث تخصصی حقوق اساسی</p>\r\n\r\n<p>3- رفع اشکال مسائلی که اکثر داوطلبان دچار اشتباه می&zwnj;شوند.</p>\r\n\r\n<p>4- افزایش بهینه سرعت در پاسخگویی به تست&zwnj;های آزمون&zwnj;های قبل</p>', '1403-08-03', NULL, NULL, 0, NULL, NULL, NULL, 0, 0, 0, 3, NULL, NULL, NULL),
(18, NULL, 'کارگاه اصول قراردادنویسی', NULL, NULL, 'کارگاه-اصول-قراردادنویسی', NULL, NULL, NULL, NULL, NULL, '88000', 'workshops/Ppom3UyqmytggkMmiWLWO0bcbWMM36.jpg', NULL, 'workshop', '[\"\\u062d\\u0636\\u0648\\u0631\\u06cc,\\u0622\\u0646\\u0644\\u0627\\u06cc\\u0646\"]', '4', NULL, '<p>ایجاد بهداشت حقوقی و جلوگیری از بروز اختلافات با تنظیم اصولی قراردادهای فیما بین افراد حقیقی و حقوقی تحقق پذیر خواهد شد.در همین راستا کارگاه أصول قراردادنویسی به بیان مطالب بسیار مهم و کاربردی متناسب با نیازها و مسائل روز می پردازد. مخاطبین این دوره می بایست از حداقل دانش حقوقی و قراردادی بهره مند بوده تا بتوانند حداکثر استفاده از مطالب بیان شده را بنمایند. اولین گام در تنظیم یک قرارداد اصولی آگاهی از قوانین مرتبط است.در این کارگاه کوتاه مدت تلاش می شود با تدریس عناوین و مطالب دارای اهمیت بالا شما را به سطح قابل قبولی در تنظیم قراردادنویسی برسانیم.لازم به ذکر است مطالب این دوره صرفا در حوزه قوانین داخلی بوده و در صورت استقبال گسترده قواعد تنظیم قراردادهای بین المللی نیز برگزار خواهد شد.</p>', '<p>１.آشنایی با مبانی و اصول قراردادنویسی</p>\r\n\r\n<p>２.مرور مواد کاربردی قوانین مورد نیاز در تنظیم اولیه قرارداد</p>\r\n\r\n<p>３.ارائه چک لیست اصول کلی تنظیم قرارداد</p>\r\n\r\n<p>４.نکات روانشناسی در تنظیم قرارداد</p>', '1403-09-02', NULL, NULL, 0, NULL, NULL, NULL, 0, 0, 0, 3, NULL, NULL, NULL),
(19, NULL, 'کارگاه اصول قراردادنویسی (همراه دورهمی یلدایی)', NULL, NULL, 'کارگاه-اصول-قراردادنویسی-همراه-دورهمی-یلدایی', NULL, NULL, NULL, NULL, NULL, '88000', 'workshops/CSC7i6YCTk8Y6S6NROdXTpt12N1HeP.jpg', NULL, 'workshop', '[\"\\u0622\\u0646\\u0644\\u0627\\u06cc\\u0646\"]', '4', NULL, '<blockquote>\r\n<h3>ایجاد بهداشت حقوقی و جلوگیری از بروز اختلافات با تنظیم اصولی قراردادهای فیما بین افراد حقیقی و حقوقی تحقق پذیر خواهد شد.در همین راستا کارگاه أصول قراردادنویسی به بیان مطالب بسیار مهم و کاربردی متناسب با نیازها و مسائل روز می پردازد. مخاطبین این دوره می بایست از حداقل دانش حقوقی و قراردادی بهره مند بوده تا بتوانند حداکثر استفاده از مطالب بیان شده را بنمایند. اولین گام در تنظیم یک قرارداد اصولی آگاهی از قوانین مرتبط است.در این کارگاه کوتاه مدت تلاش می شود با تدریس عناوین و مطالب دارای اهمیت بالا شما را به سطح قابل قبولی در تنظیم قراردادنویسی برسانیم.لازم به ذکر است مطالب این دوره صرفا در حوزه قوانین داخلی بوده و در صورت استقبال گسترده قواعد تنظیم قراردادهای بین المللی نیز برگزار خواهد شد.</h3>\r\n</blockquote>', '<p>１.آشنایی با مبانی و اصول قراردادنویسی</p>\r\n\r\n<p>２.مرور مواد کاربردی قوانین مورد نیاز در تنظیم اولیه قرارداد</p>\r\n\r\n<p>３.ارائه چک لیست اصول کلی تنظیم قرارداد</p>\r\n\r\n<p>４.نکات روانشناسی در تنظیم قرارداد</p>', '1403-09-30', NULL, NULL, 0, NULL, NULL, '30000', 0, 0, 0, 3, NULL, NULL, NULL),
(20, NULL, 'کارگاه پیشرفته اصول قراردادنویسی', NULL, NULL, 'کارگاه-پیشرفته-اصول-قراردادنویسی', NULL, NULL, NULL, NULL, NULL, '288000', 'workshops/jeU5ZnJv2FpaTQgPOFPh5yfRRxvjnH.jpg', NULL, 'workshop', '[\"\\u062d\\u0636\\u0648\\u0631\\u06cc,\\u0622\\u0646\\u0644\\u0627\\u06cc\\u0646\"]', '4', NULL, '<p>ایجاد بهداشت حقوقی و جلوگیری از بروز اختلافات با تنظیم اصولی قراردادهای فیما بین افراد حقیقی و حقوقی تحقق پذیر خواهد شد. در همین راستا کارگاه پیشرفته&nbsp; أصول قراردادنویسی به بیان مطالب بسیار مهم و کاربردی متناسب با نیازها و مسائل روز می پردازد. مخاطبین این کارگاه می بایست از حداقل دانش حقوقی و قراردادی بهره مند بوده تا بتوانند حداکثر استفاده از مطالب بیان شده را بنمایند.</p>\r\n\r\n<p>اولین گام در تنظیم یک قرارداد اصولی آگاهی از قوانین مرتبط است.در این کارگاه کوتاه مدت تلاش می شود با تدریس عناوین و مطالب دارای اهمیت بالا شما را به سطح قابل قبولی در تنظیم قراردادنویسی برسانیم.</p>\r\n\r\n<p>لازم به ذکر است مطالب این دوره صرفا در حوزه قوانین داخلی بوده و در صورت استقبال گسترده قواعد تنظیم قراردادهای بین المللی نیز برگزار خواهد شد.</p>', '<p>1- آشنایی با اصول و مبانی قراردادنویسی</p>\r\n\r\n<p>2-&nbsp;مرور مواد کاربردی قوانین مورد نیاز در تنظیم اولیه قرارداد</p>\r\n\r\n<p>3-&nbsp;ارائه چک لیست اصول کلی تنظیم قرارداد</p>\r\n\r\n<p>4-&nbsp;نکات روانشناسی در تنظیم قرارداد</p>', '1403-11-19', NULL, NULL, 0, NULL, NULL, NULL, 0, 0, 0, 3, NULL, NULL, NULL),
(21, NULL, 'کارگاه بایسته های کاربردی دعاوی دیوان عدالت اداری', NULL, NULL, 'کارگاه-بایسته-های-کاربردی-دعاوی-دیوان-عدالت-اداری', NULL, NULL, NULL, NULL, NULL, '288000', 'workshops/V8sNrlPq9inLqoyTkCFgTOnFeH9Wm6.jpg', NULL, 'workshop', '[\"\\u062d\\u0636\\u0648\\u0631\\u06cc,\\u0622\\u0646\\u0644\\u0627\\u06cc\\u0646\"]', '4', NULL, '<p>درباره دوره</p>', '<p>اهداف دوره</p>', '1403-12-02', NULL, NULL, 0, NULL, NULL, NULL, 0, 0, 0, 3, NULL, NULL, NULL),
(22, NULL, 'کارگاه بررسی قراردادهای بیع و دعاوی مرتبط', NULL, NULL, 'کارگاه-بررسی-قراردادهای-بیع-و-دعاوی-مرتبط', NULL, NULL, NULL, NULL, NULL, '2600000', 'workshops/lXTbhw9yxFZBjrcXPJ7cXp4A5MuvpY.jpg', NULL, 'workshop', '[\"\\u062d\\u0636\\u0648\\u0631\\u06cc\"]', '16', NULL, '<p>در این دوره آموزشی که در فضایی متفاوت و در دل طبیعت برگزار می&zwnj;شود، به بررسی دقیق قراردادهای بیع و دعاوی ناشی از آن خواهیم پرداخت. از اصول نگارش قرارداد بیع، شرایط صحت، آثار حقوقی، تعهدات طرفین تا موارد فسخ، انحلال و نکات اختلاف&zwnj;برانگیز، به&zwnj;زبان ساده و کاربردی برای وکلا، دانشجویان و علاقه&zwnj;مندان به حقوق مدنی تشریح خواهد شد.</p>\r\n\r\n<p>ویژگی متمایز این کارگاه، تحلیل یک پرونده واقعی از اختلافات قراردادی بیع است که با رویکردی مسئله&zwnj;محور، مخاطبان را درگیر حل مسئله، تبادل نظر و درک عمیق&zwnj;تر مفاهیم خواهد کرد. این روش نه&zwnj;تنها موجب تثبیت یادگیری می&zwnj;شود، بلکه ابزارهای عملی برای تحلیل و دفاع در دعاوی مشابه را در اختیار شرکت&zwnj;کنندگان قرار می&zwnj;دهد.</p>\r\n\r\n<p>در کنار این آموزش تخصصی، تجربه&zwnj;ی یادگیری در فضای طبیعی و جمعی صمیمی فراهم شده تا شرکت&zwnj;کنندگان علاوه بر ارتقاء علمی، ارتباطات حرفه&zwnj;ای جدیدی شکل دهند و از مزایای گردشگری آموزشی بهره&zwnj;مند شوند. این کارگاه فرصتی متفاوت برای رشد علمی، تعمیق تجربیات حقوقی و استراحت ذهنی در دل طبیعت است.</p>', '<p>تثبیت مطالب آموزشی تا پایان عمر</p>\r\n\r\n<p>تسلط بر اصول و ساختار قرارداد بیع</p>\r\n\r\n<p>شناسایی و تحلیل دعاوی مرتبط با قرارداد بیع</p>\r\n\r\n<p>تحلیل یک پرونده واقعی حقوقی</p>\r\n\r\n<p>افزایش مهارت&zwnj;های عملی در نگارش و تفسیر قراردادها</p>\r\n\r\n<p>تجربه یادگیری در محیطی متفاوت و الهام&zwnj;بخش</p>', '1404-03-08', NULL, NULL, 0, NULL, NULL, NULL, 0, 0, 0, 3, NULL, NULL, NULL),
(23, NULL, 'کارگاه جامع قراردادنویسی', NULL, NULL, 'کارگاه-جامع-قراردادنویسی', NULL, NULL, NULL, NULL, NULL, '1299000', 'workshops/w54wU3oi2pQ4f1rCmZABlCucLAtFHM.jpg', NULL, 'workshop', '[\"\\u062d\\u0636\\u0648\\u0631\\u06cc,\\u0622\\u0646\\u0644\\u0627\\u06cc\\u0646\"]', '7', NULL, '<p>ایجاد بهداشت حقوقی و جلوگیری از بروز اختلافات با تنظیم اصولی قراردادهای فیما بین افراد حقیقی و حقوقی تحقق پذیر خواهد شد.در همین راستا کارگاه أصول قراردادنویسی به بیان مطالب بسیار مهم و کاربردی متناسب با نیازها و مسائل روز می پردازد. مخاطبین این دوره می بایست از حداقل دانش حقوقی و قراردادی بهره مند بوده تا بتوانند حداکثر استفاده از مطالب بیان شده را بنمایند. اولین گام در تنظیم یک قرارداد اصولی آگاهی از قوانین مرتبط است.در این کارگاه کوتاه مدت تلاش می شود با تدریس عناوین و مطالب دارای اهمیت بالا شما را به سطح قابل قبولی در تنظیم قراردادنویسی برسانیم.لازم به ذکر است مطالب این دوره صرفا در حوزه قوانین داخلی بوده و در صورت استقبال گسترده قواعد تنظیم قراردادهای بین المللی نیز برگزار خواهد شد.</p>', '<p>１.آشنایی با مبانی و اصول قراردادنویسی</p>\r\n\r\n<p>２.مرور مواد کاربردی قوانین مورد نیاز در تنظیم اولیه قرارداد</p>\r\n\r\n<p>３.ارائه چک لیست اصول کلی تنظیم قرارداد</p>\r\n\r\n<p>４.نکات روانشناسی در تنظیم قرارداد</p>', '1404-08-01', NULL, NULL, 0, NULL, NULL, '0', 0, 0, 0, 4, NULL, NULL, NULL),
(41, NULL, 'اجاره آپارتمان تجاري', NULL, NULL, 'اجاره-آپارتمان-تجاري', NULL, NULL, NULL, NULL, NULL, '0', 'contracts/0A8xWONiJ8w5acFF9VJaKQG9KM2Pmu.png', 'contracts/22dMlAmxWvfdRAshtDDtWOXHGIaSVu.doc', 'contract', NULL, NULL, NULL, '<p>اجاره آپارتمان تجاري</p>', '<p>اجاره آپارتمان تجاري</p>', NULL, NULL, NULL, 0, NULL, NULL, NULL, 0, 0, 0, 4, NULL, NULL, NULL),
(42, NULL, 'اجاره محل مسكوني مشاع', NULL, NULL, 'اجاره-محل-مسكوني-مشاع', NULL, NULL, NULL, NULL, NULL, '1200', 'contracts/cjg3N4By2CgvpiCkPWvGy9EOS0fjc2.png', 'contracts/CoEhRjqo30s9i0ltWMPNfYUZ84FfTt.doc', 'contract', NULL, NULL, NULL, '<p>اجاره محل مسكوني مشاع</p>', '<p>اجاره محل مسكوني مشاع</p>', NULL, NULL, NULL, 0, NULL, NULL, NULL, 0, 0, 0, 4, NULL, NULL, NULL),
(43, NULL, 'اجاره هایپرمارکت', NULL, NULL, 'اجاره-هایپرمارکت', NULL, NULL, NULL, NULL, NULL, '0', 'contracts/IujoaFCIW5i6iAMYUUvrTkursUNs11.png', 'contracts/Zqi9wLwHz3lEOsO1fDLTTNzkeb0FFR.doc', 'contract', NULL, NULL, NULL, '<p>اجاره هایپرمارکت</p>', '<p>اجاره هایپرمارکت</p>', NULL, NULL, NULL, 0, NULL, NULL, NULL, 0, 0, 0, 4, NULL, NULL, NULL),
(44, NULL, 'قرارداد اجاره (عمومی)', NULL, NULL, 'قرارداد-اجاره-عمومی', NULL, NULL, NULL, NULL, NULL, '0', 'contracts/Eg9AGXoN9GsAUzN3RiB9Sn217pkgV3.png', 'contracts/VIlOvYvBYYgfzP1Ay1HLeKVvUD7ozh.doc', 'contract', NULL, NULL, NULL, '<p>قرارداد اجاره (عمومی)</p>', '<p>قرارداد اجاره (عمومی)</p>', NULL, NULL, NULL, 0, NULL, NULL, NULL, 0, 0, 0, 4, NULL, NULL, NULL),
(45, NULL, 'قرارداد اجاره اتومبیل سواری', NULL, NULL, 'قرارداد-اجاره-اتومبیل-سواری', NULL, NULL, NULL, NULL, NULL, '800', 'contracts/f3GgY4mXG8kfngcqzyLXnFpwYZbNVM.png', 'contracts/croQC8Xvvixt32xnOtokdAafjR5Ggy.doc', 'contract', NULL, NULL, NULL, '<p>قرارداد اجاره اتومبیل سواری</p>', '<p>قرارداد اجاره اتومبیل سواری</p>', NULL, NULL, NULL, 0, NULL, NULL, NULL, 0, 0, 0, 4, NULL, NULL, NULL),
(46, NULL, 'قرارداد اجاره استخر', NULL, NULL, 'قرارداد-اجاره-استخر', NULL, NULL, NULL, NULL, NULL, '0', 'contracts/f3GgY4mXG8kfngcqzyLXnFpwYZbNVM.png', 'contracts/z92H3M0EQnT9a3HQrV1RkK8L2MxGqh.doc', 'contract', NULL, NULL, NULL, '<p>قرارداد اجاره استخر</p>', '<p>قرارداد اجاره استخر</p>', NULL, NULL, NULL, 0, NULL, NULL, NULL, 0, 0, 0, 4, NULL, NULL, NULL),
(47, NULL, 'قرارداد پیمانی مشاوره حقوقی و وکالت', NULL, NULL, 'قرارداد-پیمانی-مشاوره-حقوقی-و-وکالت', NULL, NULL, NULL, NULL, NULL, '0', 'contracts/YLynxOKdJxWIrSsOD4Ll15KpX8bVdm.png', 'contracts/brH1DtWRY6BuSa9kdJyep78vRgDcri.doc', 'contract', NULL, NULL, NULL, '<p>قرارداد پیمانی مشاوره حقوقی و وکالت</p>', '<p>قرارداد پیمانی مشاوره حقوقی و وکالت</p>', NULL, NULL, NULL, 0, NULL, NULL, NULL, 0, 0, 0, 4, NULL, NULL, NULL),
(48, NULL, 'قرارداد مشارکت در ساخت بنا', NULL, NULL, 'قرارداد-مشارکت-در-ساخت-بنا', NULL, NULL, NULL, NULL, NULL, '0', 'contracts/XuzkVkJA0GXyzdF2jEwXccfLDfem9E.png', 'contracts/UfFgoreZNxNm1AkNFm0rYCvRXrZSK3.doc', 'contract', NULL, NULL, NULL, '<p>قرارداد مشارکت در ساخت بنا</p>', '<p>قرارداد مشارکت در ساخت بنا</p>', NULL, NULL, NULL, 0, NULL, NULL, NULL, 0, 0, 0, 4, NULL, NULL, NULL),
(49, NULL, 'قرارداد مشارکت مدنی خصوصی', NULL, NULL, 'قرارداد-مشارکت-مدنی-خصوصی', NULL, NULL, NULL, NULL, NULL, '0', 'contracts/Dtkve4D50HHF3Z5ODgjLTtHxBOjQdv.png', 'contracts/PGJl3XoaQJGJKkD6WAgnOgjLDQ85Cv.doc', 'contract', NULL, NULL, NULL, '<p>قرارداد مشارکت مدنی خصوصی</p>', '<p>قرارداد مشارکت مدنی خصوصی</p>', NULL, NULL, NULL, 0, NULL, NULL, NULL, 0, 0, 0, 4, NULL, NULL, NULL),
(50, NULL, 'قرارداد انجام خدمات', NULL, NULL, 'قرارداد-انجام-خدمات', NULL, NULL, NULL, NULL, NULL, '0', 'contracts/Y5JddEqszw21tHSE3pNbicyEYoeSrd.png', 'contracts/5Dl07kbqV0xqeK4LaaK8Dc8Dj2pFXS.doc', 'contract', NULL, NULL, NULL, '<p>قرارداد انجام خدمات</p>', '<p>قرارداد انجام خدمات</p>', NULL, NULL, NULL, 0, NULL, NULL, NULL, 0, 0, 0, 4, NULL, NULL, NULL),
(51, NULL, 'قرارداد بازاریابی و فروش', NULL, NULL, 'قرارداد-بازاریابی-و-فروش', NULL, NULL, NULL, NULL, NULL, '0', 'contracts/OsC7cTphskhpO8SxzwmYGlPJNqlall.png', 'contracts/jEvGB4SqdiknfjeSIyyXtqHAEfmoA7.doc', 'contract', NULL, NULL, NULL, '<p>قرارداد بازاریابی و فروش</p>', '<p>قرارداد بازاریابی و فروش</p>', NULL, NULL, NULL, 0, NULL, NULL, NULL, 0, 0, 0, 4, NULL, NULL, NULL),
(52, NULL, 'قرارداد باشگاه و بازیکن', NULL, NULL, 'قرارداد-باشگاه-و-بازیکن', NULL, NULL, NULL, NULL, NULL, '0', 'contracts/NqfSP0zvcQMG6Gem0lSsvF74ukAreU.png', 'contracts/65iT0P0OwYfEBAjVHC091W13JNIPvP.doc', 'contract', NULL, NULL, NULL, '<p>قرارداد باشگاه و بازیکن</p>', '<p>قرارداد باشگاه و بازیکن</p>', NULL, NULL, NULL, 0, NULL, NULL, NULL, 0, 0, 0, 4, NULL, NULL, NULL),
(53, NULL, 'قرارداد پشتيباني از نرم افزار', NULL, NULL, 'قرارداد-پشتيباني-از-نرم-افزار', NULL, NULL, NULL, NULL, NULL, '0', 'contracts/6XPUFeReGnsalViRV08wJbzmoMbaIx.png', 'contracts/xEZsmiFP0H1SWQg3G2qyb2ZRbqcGfm.doc', 'contract', NULL, NULL, NULL, '<p>قرارداد پشتيباني از نرم افزار</p>', '<p>قرارداد پشتيباني از نرم افزار</p>', NULL, NULL, NULL, 0, NULL, NULL, NULL, 0, 0, 0, 4, NULL, NULL, NULL),
(54, NULL, 'قرارداد تعمير و نگهداري', NULL, NULL, 'قرارداد-تعمير-و-نگهداري', NULL, NULL, NULL, NULL, NULL, '0', 'contracts/GjoISuewFO8EKgzi8xxEXeTpBN8Pmh.png', 'contracts/gX6bzvPlChyEwVhKvQKBSxtyogluVV.doc', 'contract', NULL, NULL, NULL, '<p>قرارداد تعمير و نگهداري</p>', '<p>قرارداد تعمير و نگهداري</p>', NULL, NULL, NULL, 0, NULL, NULL, NULL, 0, 0, 0, 4, NULL, NULL, NULL),
(55, NULL, 'قرارداد خدمات آموزشي', NULL, NULL, 'قرارداد-خدمات-آموزشي', NULL, NULL, NULL, NULL, NULL, '0', 'contracts/wo08QB1N0tjalZzdT04DcRlc8rCJPN.png', 'contracts/8kJUQpiRoXxeiVoUHbgp4TdW815J33.doc', 'contract', NULL, NULL, NULL, '<p>قرارداد خدمات آموزشي</p>', '<p>قرارداد خدمات آموزشي</p>', NULL, NULL, NULL, 0, NULL, NULL, NULL, 0, 0, 0, 4, NULL, NULL, NULL);

-- --------------------------------------------------------

--
-- Table structure for table `roles`
--

CREATE TABLE `roles` (
  `id` bigint(20) UNSIGNED NOT NULL COMMENT 'شناسه یکتا نقش',
  `title_fa` varchar(255) DEFAULT NULL COMMENT 'عنوان نقش مانند مدیر، کاربر، ناظر',
  `title` varchar(255) DEFAULT NULL COMMENT 'نام انگلیسی یا کد یکتا نقش برای استفاده در سیستم',
  `status` tinyint(1) DEFAULT NULL COMMENT 'وضعیت فعال = 4 و غیر فعال = 0',
  `created_at` timestamp NULL DEFAULT NULL,
  `updated_at` timestamp NULL DEFAULT NULL
) ENGINE=InnoDB DEFAULT CHARSET=utf8mb4 COLLATE=utf8mb4_unicode_ci;

--
-- Dumping data for table `roles`
--

INSERT INTO `roles` (`id`, `title_fa`, `title`, `status`, `created_at`, `updated_at`) VALUES
(1, 'ادمین', 'superadmin', 4, '2025-10-23 16:35:03', '2025-10-23 16:35:03'),
(2, 'مدیر', 'manager', 4, '2025-10-23 16:35:03', '2025-10-23 16:35:03'),
(3, 'کارشناس ارشد', 'senior', 4, '2025-10-23 16:35:03', '2025-10-23 16:35:03'),
(4, 'کارشناس', 'expert', 4, '2025-10-23 16:35:03', '2025-10-23 16:35:03'),
(5, 'وکیل', 'Lawyer', 4, NULL, NULL),
(6, 'دانشپذیر', 'clinet', 4, NULL, NULL),
(7, 'مشاور', 'Consultant', 4, NULL, NULL);

-- --------------------------------------------------------

--
-- Table structure for table `role_user`
--

CREATE TABLE `role_user` (
  `role_id` bigint(20) UNSIGNED NOT NULL COMMENT 'نقش کاربر',
  `user_id` bigint(20) UNSIGNED NOT NULL COMMENT 'شناسه کاربری که این نقش را ایجاد کرده'
) ENGINE=InnoDB DEFAULT CHARSET=utf8mb4 COLLATE=utf8mb4_unicode_ci;

--
-- Dumping data for table `role_user`
--

INSERT INTO `role_user` (`role_id`, `user_id`) VALUES
(1, 1);

-- --------------------------------------------------------

--
-- Table structure for table `states`
--

CREATE TABLE `states` (
  `id` bigint(20) UNSIGNED NOT NULL COMMENT 'شناسه یکتا',
  `title` varchar(255) NOT NULL COMMENT 'عنوان زیرمنو',
  `status` tinyint(1) NOT NULL DEFAULT 0 COMMENT 'وضعیت زیرمنو (فعال/غیرفعال)',
  `lat` varchar(255) NOT NULL COMMENT 'طول جغرافیایی',
  `lng` varchar(255) NOT NULL COMMENT 'عرض جغرافیایی'
) ENGINE=InnoDB DEFAULT CHARSET=utf8mb4 COLLATE=utf8mb4_unicode_ci;

--
-- Dumping data for table `states`
--

INSERT INTO `states` (`id`, `title`, `status`, `lat`, `lng`) VALUES
(1, 'آذربايجان شرقي', 4, '38.07892583633619', '46.28932362168941'),
(2, 'آذربايجان غربي', 4, '37.55568473775466', '45.060788074426085'),
(3, 'اردبيل', 4, '38.24885176963309', '48.291666245718844'),
(4, 'اصفهان', 4, '32.66221111127481', '51.66023871604286'),
(5, 'البرز', 4, '35.842865652470635', '50.96068739612619'),
(6, 'ايلام', 4, '33.63848771194957', '46.412977173692255'),
(7, 'بوشهر', 4, '28.968397787495746', '50.83552932968888'),
(8, 'تهران', 4, '35.74609549470894', '51.38037447969855'),
(9, 'چهارمحال وبختياري', 4, '32.33580896287559', '50.87409947473728'),
(10, 'خراسان جنوبي', 4, '32.86321387537796', '59.22787062929765'),
(11, 'خراسان رضوي', 4, '36.287141179100296', ' 59.61499117951744'),
(12, 'خراسان شمالي', 4, '37.47588096900146', ' 57.32137852986279'),
(13, 'خوزستان', 4, '31.343699992403447', '48.708349490552514'),
(14, 'زنجان', 4, '36.68457932793755', '48.492877809421714'),
(15, 'سمنان', 4, '35.57900141141739', '53.38942768991892'),
(16, 'سيستان وبلوچستان', 4, '29.4809893521723', '60.86273605260827'),
(17, 'فارس', 4, '29.61238605713562', '52.53232111427517'),
(18, 'قزوين', 4, '36.290103142985124', '50.00332570522124'),
(19, 'قم', 4, '34.64377315366154', '50.871383811830476'),
(20, 'کردستان', 4, '35.30566913082097', '46.99769897498804'),
(21, 'کرمان', 4, '30.28548472887586', '57.07002435492478'),
(22, 'کرمانشاه', 4, '34.339517574197906', '47.106514387709666'),
(23, 'کهگيلويه وبويراحمد', 4, '30.666881237611054', '51.58794635145135'),
(24, 'گلستان', 4, '36.83761533714232', '54.438494927548895'),
(25, 'گيلان', 4, '37.28819586566372', '49.58930263982769'),
(26, 'لرستان', 4, '33.47792566707818', '48.35288795603192'),
(27, 'مازندران', 4, '36.564186725510346', '53.062663708590584'),
(28, 'مرکزي', 4, '34.09483383119908', '49.71185726028092'),
(29, 'هرمزگان', 4, '27.19721936936515', '56.300429576985'),
(30, 'همدان', 4, '34.79648152807325', '48.51310935061167'),
(31, 'يزد', 4, '31.88682731862685', '54.35290125332423');

-- --------------------------------------------------------

--
-- Table structure for table `submenus`
--

CREATE TABLE `submenus` (
  `id` bigint(20) UNSIGNED NOT NULL COMMENT 'شناسه یکتا پنل زیرمنو',
  `priority` bigint(20) UNSIGNED DEFAULT NULL COMMENT 'شماره اولویت',
  `title` varchar(255) NOT NULL COMMENT 'عنوان زیرمنو',
  `label` varchar(255) NOT NULL COMMENT 'عنوان فارسی پنل منو',
  `menu_id` bigint(20) UNSIGNED NOT NULL COMMENT 'شناسه منو اصلی که این زیرمنو به آن تعلق دارد',
  `slug` varchar(255) NOT NULL COMMENT 'آدرس زیرمنو یا شناسه منو',
  `type` varchar(255) DEFAULT NULL COMMENT 'نوع استفاده site/panel/profile',
  `level` varchar(255) DEFAULT NULL COMMENT 'سطح نمایش',
  `class` varchar(255) DEFAULT NULL COMMENT 'کلاس لاراول',
  `controller` varchar(255) DEFAULT NULL COMMENT 'کنترلر مرتبط با زیرمنو',
  `status` tinyint(1) NOT NULL DEFAULT 0 COMMENT 'وضعیت زیرمنو (فعال/غیرفعال)',
  `user_id` bigint(20) UNSIGNED NOT NULL COMMENT 'شناسه کاربری که این نقش را ایجاد کرده',
  `created_at` timestamp NULL DEFAULT NULL,
  `updated_at` timestamp NULL DEFAULT NULL
) ENGINE=InnoDB DEFAULT CHARSET=utf8mb4 COLLATE=utf8mb4_unicode_ci;

--
-- Dumping data for table `submenus`
--

INSERT INTO `submenus` (`id`, `priority`, `title`, `label`, `menu_id`, `slug`, `type`, `level`, `class`, `controller`, `status`, `user_id`, `created_at`, `updated_at`) VALUES
(1, 1, 'menupanel', 'مدیریت منو داشبورد', 2, 'menupanel', 'panel', NULL, 'index', 'SubmenupanelController', 4, 1, '2025-10-25 06:28:36', '2025-10-25 06:28:36'),
(2, 2, 'submenupanel', 'مدیریت زیرمنو داشبورد', 2, 'submenupanel', 'panel', NULL, 'index', 'SubmenupanelController', 4, 1, '2025-10-25 06:28:36', '2025-10-25 06:28:36'),
(3, 3, 'roleuser', 'مدیریت نقش کاربران', 3, 'roleuser', 'panel', NULL, 'index', 'RoleuserController', 4, 1, '2025-10-25 06:28:36', '2025-10-25 06:28:36'),
(13, 4, 'paneluser', 'کاربران داشبورد', 3, 'paneluser', 'panel', NULL, 'index', 'PaneluserController', 4, 1, '2025-10-25 06:31:37', '2025-10-25 06:31:37'),
(14, 5, 'siteuser', 'کاربران سایت', 3, 'siteuser', 'panel', NULL, 'index', 'SiteuserController', 4, 1, '2025-10-25 06:32:03', '2025-10-25 06:32:03'),
(15, 6, 'file', 'لیست فایل ها', 5, 'file', 'panel', NULL, 'index', 'FilemanagerController', 4, 1, '2025-10-25 06:32:35', '2025-10-25 06:32:35'),
(16, 7, 'transaction', 'تراکنش ها', 9, 'transaction', 'panel', NULL, 'index', 'TransactionController', 4, 1, '2025-10-25 06:34:23', '2025-10-25 06:34:23'),
(17, 8, 'wallet', 'کیف پول', 9, 'wallet', 'panel', NULL, 'index', 'WalletController', 4, 1, '2025-10-25 06:34:43', '2025-10-25 06:34:43'),
(18, 9, 'menusite', 'منو سایت', 4, 'menusite', 'panel', NULL, 'index', 'MenusiteController', 4, 1, '2025-10-25 06:46:19', '2025-10-25 06:46:19'),
(19, 10, 'submenusite', 'زیرمنو سایت', 4, 'submenusite', 'panel', NULL, 'index', 'SubmenusiteController', 4, 1, '2025-10-25 06:46:47', '2025-10-25 06:46:47'),
(20, 11, 'content', 'محتوای سایت', 4, 'content', 'panel', NULL, 'index', 'ContentController', 4, 1, '2025-10-25 06:47:28', '2025-10-25 06:47:28'),
(22, NULL, 'نظریه شورای حقوقی', 'نظریه شورای حقوقی', 64, 'نظریه-شورای-حقوقی', 'site', NULL, 'service', 'IndexController', 4, 1, NULL, NULL),
(23, NULL, 'ایرانیان خارج از کشور', 'ایرانیان خارج از کشور', 64, 'ایرانیان-خارج-از-کشور', 'site', NULL, 'service', 'IndexController', 4, 1, NULL, NULL),
(24, NULL, 'تنظیم قرارداد', 'تنظیم قرارداد', 64, 'تنظیم-قرارداد', 'site', NULL, 'service', 'IndexController', 4, 1, NULL, NULL),
(25, NULL, 'تنظیم اوراق قضائی', 'تنظیم اوراق قضائی', 64, 'تنظیم-اوراق-قضائی', 'site', NULL, 'service', 'IndexController', 4, 1, NULL, NULL),
(26, NULL, 'مشاوره', 'مشاوره', 64, 'مشاوره', 'site', NULL, 'service', 'IndexController', 4, 1, NULL, NULL),
(27, NULL, 'داوری', 'داوری', 64, 'داوری', 'site', NULL, 'service', 'IndexController', 4, 1, NULL, NULL),
(28, NULL, 'ثبت شرکت', 'ثبت شرکت', 64, 'ثبت-شرکت', 'site', NULL, 'service', 'IndexController', 4, 1, NULL, NULL),
(29, NULL, 'اراضی', 'اراضی', 61, 'اراضی', 'site', NULL, 'departmandaavi', 'IndexController', 4, 1, NULL, NULL),
(30, NULL, 'املاک', 'املاک', 61, 'املاک', 'site', NULL, 'departmandaavi', 'IndexController', 4, 1, NULL, NULL),
(31, NULL, 'خانواده', 'خانواده', 61, 'خانواده', 'site', NULL, 'departmandaavi', 'IndexController', 4, 1, NULL, NULL),
(32, NULL, 'شهرداری', 'شهرداری', 61, 'شهرداری', 'site', NULL, 'departmandaavi', 'IndexController', 4, 1, NULL, NULL),
(33, NULL, 'قاچاق', 'قاچاق', 61, 'قاچاق', 'site', NULL, 'departmandaavi', 'IndexController', 4, 1, NULL, NULL),
(34, NULL, 'جرائم سایبری', 'جرائم سایبری', 61, 'جرائم-سایبری', 'site', NULL, 'departmandaavi', 'IndexController', 4, 1, NULL, NULL),
(35, NULL, 'جرائم پزشکی', 'جرائم پزشکی', 61, 'جرائم-پزشکی', 'site', NULL, 'departmandaavi', 'IndexController', 4, 1, NULL, NULL),
(36, NULL, 'جرائم اقتصادی', 'جرائم اقتصادی', 61, 'جرائم-اقتصادی', 'site', NULL, 'departmandaavi', 'IndexController', 4, 1, NULL, NULL),
(37, NULL, 'کلاهبرداری', 'کلاهبرداری', 61, 'کلاهبرداری', 'site', NULL, 'departmandaavi', 'IndexController', 4, 1, NULL, NULL),
(38, NULL, 'مالیات', 'مالیات', 61, 'مالیات', 'site', NULL, 'departmandaavi', 'IndexController', 4, 1, NULL, NULL),
(39, NULL, 'گمرک', 'گمرک', 61, 'گمرک', 'site', NULL, 'departmandaavi', 'IndexController', 4, 1, NULL, NULL),
(40, NULL, 'بیمه بازرگانی', 'بیمه بازرگانی', 61, 'بیمه-بازرگانی', 'site', NULL, 'departmandaavi', 'IndexController', 4, 1, NULL, NULL),
(41, NULL, 'بورس', 'بورس', 61, 'بورس', 'site', NULL, 'departmandaavi', 'IndexController', 4, 1, NULL, NULL),
(42, NULL, 'شرکت ها', 'شرکت ها', 61, 'شرکت-ها', 'site', NULL, 'departmandaavi', 'IndexController', 4, 1, NULL, NULL),
(43, NULL, 'اسناد تجاري', 'اسناد تجاري', 61, 'اسناد-تجاري', 'site', NULL, 'departmandaavi', 'IndexController', 4, 1, NULL, NULL),
(44, NULL, 'پولی و بانکی', 'پولی و بانکی', 61, 'پولی-و-بانکی', 'site', NULL, 'departmandaavi', 'IndexController', 4, 1, NULL, NULL),
(45, NULL, 'دوره های آموزشی', 'دوره های آموزشی', 63, 'دوره-های-آموزشی', 'site', NULL, 'departmanamoozesh', 'IndexController', 4, 1, NULL, NULL),
(46, NULL, 'پژوهش و تحقیقات', 'پژوهش و تحقیقات', 63, 'پژوهش-و-تحقیقات', 'site', NULL, 'departmanamoozesh', 'IndexController', 4, 1, NULL, NULL),
(47, NULL, 'قوانین و مقررات', 'قوانین و مقررات', 63, 'قوانین-و-مقررات', 'site', NULL, 'departmanamoozesh', 'IndexController', 4, 1, NULL, NULL),
(48, NULL, 'اخبار', 'اخبار', 65, 'اخبار', 'site', NULL, 'akhbar', 'IndexController', 4, 1, NULL, NULL),
(49, NULL, 'درباره ما', 'درباره ما', 65, 'درباره-ما', 'site', NULL, 'about', 'IndexController', 4, 1, NULL, NULL),
(50, NULL, 'تماس با ما', 'تماس با ما', 65, 'تماس-با-ما', 'site', NULL, 'contact', 'IndexController', 4, 1, NULL, NULL),
(51, NULL, 'قرارداد پیمانکاری (EPC)', 'قرارداد پیمانکاری (EPC)', 62, 'قرارداد-پیمانکاری-EPC', 'site', NULL, 'departmangharardad', 'IndexController', 4, 1, NULL, NULL),
(52, NULL, 'قراردادهای ساخت،بهره برداری و واگذاری (BOT)', 'قراردادهای ساخت،بهره برداری و واگذاری (BOT)', 62, 'قراردادهای-ساخت-بهره-برداری-و-واگذاری-BOT', 'site', NULL, 'departmangharardad', 'IndexController', 4, 1, NULL, NULL),
(53, NULL, 'قرارداد فرانچایز', 'قرارداد فرانچایز', 62, 'قرارداد-فرانچایز', 'site', NULL, 'departmangharardad', 'IndexController', 4, 1, NULL, NULL),
(54, NULL, 'قرارداد لیسانس', 'قرارداد لیسانس', 62, 'قرارداد-لیسانس', 'site', NULL, 'departmangharardad', 'IndexController', 4, 1, NULL, NULL),
(55, NULL, 'قرارداد مشارکت', 'قرارداد مشارکت', 62, 'قرارداد-مشارکت', 'site', NULL, 'departmangharardad', 'IndexController', 4, 1, NULL, NULL),
(56, NULL, 'قرارداد مشارکت در ساخت', 'قرارداد مشارکت در ساخت', 62, 'قرارداد-مشارکت-در-ساخت', 'site', NULL, 'departmangharardad', 'IndexController', 4, 1, NULL, NULL),
(57, NULL, 'انواع کنسرسیوم ها', 'انواع کنسرسیوم ها', 62, 'انواع-کنسرسیوم-ها', 'site', NULL, 'departmangharardad', 'IndexController', 4, 1, NULL, NULL),
(58, NULL, 'قرارداد نمایندگی', 'قرارداد نمایندگی', 62, 'قرارداد-نمایندگی', 'site', NULL, 'departmangharardad', 'IndexController', 4, 1, NULL, NULL),
(59, NULL, 'قرارداد وستینگ', 'قرارداد وستینگ', 62, 'قرارداد-وستینگ', 'site', NULL, 'departmangharardad', 'IndexController', 4, 1, NULL, NULL),
(60, NULL, 'قرارداد استارت آپ ها', 'قرارداد استارت آپ ها', 62, 'قرارداد-استارت-آپ-ها', 'site', NULL, 'departmangharardad', 'IndexController', 4, 1, NULL, NULL),
(61, NULL, 'قرارداد خرید و فروش', 'قرارداد خرید و فروش', 62, 'قرارداد-خرید-و-فروش', 'site', NULL, 'departmangharardad', 'IndexController', 4, 1, NULL, NULL),
(62, NULL, 'قرارداد اداره کار', 'قرارداد اداره کار', 62, 'قرارداد-اداره-کار', 'site', NULL, 'departmangharardad', 'IndexController', 4, 1, NULL, NULL),
(63, NULL, 'قرارداد حفظ حقوق معنوی', 'قرارداد حفظ حقوق معنوی', 62, 'قرارداد-حفظ-حقوق-معنوی', 'site', NULL, 'departmangharardad', 'IndexController', 4, 1, NULL, NULL),
(64, NULL, 'انواع قرارداد NDA', 'انواع قرارداد NDA', 62, 'انواع-قرارداد-NDA', 'site', NULL, 'departmangharardad', 'IndexController', 4, 1, NULL, NULL),
(65, NULL, 'اداره کار', 'اداره کار', 61, 'اداره-کار', 'site', NULL, 'departmandaavi', 'IndexController', 4, 1, NULL, NULL),
(66, NULL, 'حقوق معادن', 'حقوق معادن', 61, 'حقوق-معادن', 'site', NULL, 'departmandaavi', 'IndexController', 4, 1, NULL, NULL),
(67, NULL, 'نظریه شورای حقوقی', 'نظریه شورای حقوقی', 64, 'نظریه-شورای-حقوقی-2', 'site', NULL, 'service', 'IndexController', 4, 1, NULL, NULL),
(68, NULL, 'توکیل', 'توکیل', 64, 'توکیل', 'site', NULL, 'service', 'IndexController', 4, 1, NULL, NULL),
(69, NULL, 'استعلامات', 'استعلامات', 64, 'استعلامات', 'site', NULL, 'service', 'IndexController', 4, 1, NULL, NULL),
(70, NULL, 'دعاوی پیمانکاری', 'دعاوی پیمانکاری', 61, 'دعاوی-پیمانکاری', 'site', NULL, 'service', 'IndexController', 4, 1, NULL, NULL),
(71, NULL, 'قتل', 'قتل', 61, 'قتل', 'site', NULL, 'service', 'IndexController', 4, 1, NULL, NULL),
(72, NULL, 'ارث', 'ارث', 61, 'ارث', 'site', NULL, 'service', 'IndexController', 4, 1, NULL, NULL),
(73, NULL, 'قبول دعاوی', 'قبول دعاوی', 64, 'قبول-دعاوی', 'site', NULL, 'service', 'IndexController', 4, 1, NULL, NULL),
(74, NULL, 'محتوای آموزشی', 'محتوای آموزشی', 63, 'محتوای-آموزشی', 'site', NULL, 'post', 'IndexController', 4, 1, NULL, NULL),
(75, NULL, 'حریم خصوصی', 'حریم خصوصی', 65, 'حریم-خصوصی', 'site', NULL, 'privacy', 'IndexController', 4, 1, NULL, NULL),
(76, NULL, 'شرایط و ضوابط', 'شرایط و ضوابط', 65, 'شرایط-و-ضوابط', 'site', NULL, 'term', 'IndexController', 4, 1, NULL, NULL),
(77, NULL, 'رزومه', 'رزومه', 65, 'رزومه', 'site', NULL, 'resume', 'IndexController', 4, 1, NULL, NULL),
(78, NULL, 'مقالات', 'مقالات', 63, 'مقالات', 'site', NULL, 'article', 'IndexController', 4, 1, NULL, NULL);

-- --------------------------------------------------------

--
-- Table structure for table `users`
--

CREATE TABLE `users` (
  `id` bigint(20) UNSIGNED NOT NULL COMMENT 'شناسه یکتا کاربر',
  `name` varchar(255) DEFAULT NULL COMMENT 'نام کامل کاربر',
  `username` varchar(255) DEFAULT NULL COMMENT 'نام کاربری برای ورود',
  `email` varchar(255) DEFAULT NULL COMMENT 'آدرس ایمیل',
  `email_verify` tinyint(1) NOT NULL DEFAULT 0 COMMENT 'تایید ایمیل (0=تایید نشده، 1=تایید شده)',
  `email_verified_at` timestamp NULL DEFAULT NULL COMMENT 'تاریخ و زمان تایید ایمیل',
  `level` varchar(20) NOT NULL DEFAULT 'site' COMMENT 'سطح دسترسی کاربر مانند site یا panel',
  `api_token` varchar(255) DEFAULT NULL COMMENT 'توکن API برای دسترسی از طریق کلاینت‌ها',
  `password` varchar(255) DEFAULT NULL COMMENT 'رمز عبور هش شده',
  `two_factor_secret` text DEFAULT NULL,
  `two_factor_recovery_codes` text DEFAULT NULL,
  `two_factor_confirmed_at` timestamp NULL DEFAULT NULL,
  `change_password` tinyint(4) DEFAULT NULL COMMENT 'کنترل تغییر رمز عبور',
  `image` varchar(255) DEFAULT NULL COMMENT 'آدرس تصویر پروفایل',
  `phone` varchar(255) DEFAULT NULL COMMENT 'شماره تلفن همراه',
  `phone_verify` tinyint(1) DEFAULT NULL COMMENT 'وضعیت تایید شماره همراه',
  `telphone` varchar(255) DEFAULT NULL COMMENT 'شماره تلفن ثابت',
  `national_id` varchar(10) DEFAULT NULL COMMENT 'کد ملی کاربر',
  `user_job` varchar(191) DEFAULT NULL COMMENT 'عنوان شغلی کاربر',
  `marital_status` varchar(191) DEFAULT NULL COMMENT 'وضعیت تاهل کاربر',
  `role_id` bigint(20) UNSIGNED DEFAULT NULL COMMENT 'شناسه نوع کاربر',
  `state_id` bigint(20) UNSIGNED DEFAULT NULL,
  `city_id` bigint(20) UNSIGNED DEFAULT NULL,
  `birthday` varchar(255) DEFAULT NULL COMMENT 'تاریخ تولد به فرمت میلادی یا شمسی',
  `gender` int(11) DEFAULT NULL COMMENT 'جنسیت (مثلاً 1=مرد، 2=زن)',
  `age` int(11) DEFAULT NULL COMMENT 'سن',
  `originality` varchar(255) DEFAULT NULL COMMENT 'اصالت یا محل تولد کاربر',
  `postalcode` varchar(20) DEFAULT NULL COMMENT 'کد پستی',
  `father_name` varchar(255) DEFAULT NULL COMMENT 'نام پدر',
  `birth_certificate` varchar(255) DEFAULT NULL COMMENT 'شماره شناسنامه',
  `job_title` varchar(255) DEFAULT NULL COMMENT 'عنوان شغلی دقیق',
  `education_id` bigint(20) DEFAULT NULL COMMENT 'مدرک تحصیلی یا مقطع تحصیلی',
  `folder_id` bigint(20) DEFAULT NULL COMMENT 'شناسه پرونده کاربر',
  `folder_validity` varchar(255) DEFAULT NULL COMMENT 'تاریخ اعتبار پرونده',
  `folder_base` bigint(20) DEFAULT NULL COMMENT 'مبنا یا ریشه پرونده',
  `place_id` bigint(20) DEFAULT NULL COMMENT 'محل صدور شناسنامه یا محل خاص دیگر',
  `address` text DEFAULT NULL COMMENT 'آدرس کامل محل سکونت',
  `social` text DEFAULT NULL COMMENT 'شبکه‌های اجتماعی به صورت JSON یا متن',
  `bio` text DEFAULT NULL COMMENT 'بیوگرافی یا توضیحات درباره کاربر',
  `google_id` text DEFAULT NULL COMMENT 'گوگل',
  `google_token` text DEFAULT NULL COMMENT 'گوگل',
  `google_refresh_token` text DEFAULT NULL COMMENT 'گوگل',
  `google_expires_in` text DEFAULT NULL COMMENT 'گوگل',
  `status` tinyint(1) DEFAULT NULL COMMENT 'وضعیت کاربر (فعال یا غیرفعال)',
  `remember_token` varchar(100) DEFAULT NULL COMMENT 'توکن یادآوری برای ورودهای بعدی',
  `created_at` timestamp NULL DEFAULT NULL,
  `updated_at` timestamp NULL DEFAULT NULL
) ENGINE=InnoDB DEFAULT CHARSET=utf8mb4 COLLATE=utf8mb4_unicode_ci;

--
-- Dumping data for table `users`
--

INSERT INTO `users` (`id`, `name`, `username`, `email`, `email_verify`, `email_verified_at`, `level`, `api_token`, `password`, `two_factor_secret`, `two_factor_recovery_codes`, `two_factor_confirmed_at`, `change_password`, `image`, `phone`, `phone_verify`, `telphone`, `national_id`, `user_job`, `marital_status`, `role_id`, `state_id`, `city_id`, `birthday`, `gender`, `age`, `originality`, `postalcode`, `father_name`, `birth_certificate`, `job_title`, `education_id`, `folder_id`, `folder_validity`, `folder_base`, `place_id`, `address`, `social`, `bio`, `google_id`, `google_token`, `google_refresh_token`, `google_expires_in`, `status`, `remember_token`, `created_at`, `updated_at`) VALUES
(1, 'محمد حسین دیوان بیگی', 'hosseindbk', 'hosseindbk@gmail.com', 1, NULL, 'admin', 'x8qPzw5LxcNTnHYkhzRWqcE6E5HLMRwFNi3ZglhTbBDBCDYHihLKRftxIyn8WDA7DDqEvsFCjguiZKvGNO0QtAdC3mmfwsqmJTmg', '$2y$12$bRXyAEzpENjRpnnAtE43BOrBsZxb3R0sRm6iMr8Wm/xaDNIaCpiJO', NULL, NULL, NULL, 1, NULL, '09128119938', 1, '02177247752', '2980417262', NULL, 'متاهل', 1, 8, 329, '1371/04/16', 1, 32, '', NULL, 'مسعود', '2980417262', NULL, 3, NULL, NULL, NULL, 7, 'نارمک خیابان دردشت بین کوچه 50 و 52 پلاک 53 طبقه اول', NULL, 'نارمک خیابان دردشت بین کوچه 50 و 52 پلاک 53 طبقه اول', NULL, NULL, NULL, NULL, 4, 'X5pMBuWrwwe25a9IyK8uD65CzYbkkoggZuQASR7AjZifSxoyxj1CFZkOAsdn', '2023-01-27 08:05:03', '2025-10-25 06:23:34'),
(2, 'اميرحسين زين الديني ميمند', 'Amirhossein Zeinoddini', 'amirhpz2000@gmail.com', 1, NULL, 'admin', 'aSmVusuBJSw7YEXMzV0CAtenmj6z0WXxjSck5qdSZ8kObB4HTJk4QeKkVlCeh9TXtxl15Mcfw1cstCBfYY7WVuuxyZlPYEVj21ZJ', '$2y$10$UE9FQ5T9IlLAi20AUxvqWuruEjVkWFhMg4ciZOVgBa./ya6G7mgMu', NULL, NULL, NULL, NULL, 'https://lh3.googleusercontent.com/a/ACg8ocKQ7kAeSPIqNKq5zW7g9apBDL8Sd00O4gpq57aRPRqeZxzCtrwf=s96-c', '09352201378', 1, '02122206269', '2981145312', 'بیکار', 'متاهل', 1, 8, 329, '۱۴۰۴/۰۷/۱۷', 1, NULL, NULL, NULL, 'شعبانعلي', '4321', NULL, 3, NULL, NULL, NULL, 7, 'ایرااااااااااااااااان', NULL, NULL, NULL, NULL, NULL, NULL, 4, 'B5Mz6mdSS7M5JxKxXPpvhvzh6JQWS4ulz3pOUqa5l3WGTIE6rfXnRsVJS120', '2024-07-23 04:02:21', '2025-10-19 07:05:11'),
(30, 'مهسا احمدي', 'mahsa_a', 'ahmadi.mahsa.8745@gmail.com', 1, NULL, 'admin', 'PPXJxJpDXESrc5irJj4sujTZJbXyd461whU8dLEq7ILYMP5hR94UPJfDUUhe6oTHrAtDFfIhWRBc7vifixa69Fs1OChaLLaLSQVp', '$2y$10$Af.IA.CpRP22S.miZ1.n0OnCZSjFr6oXgsXUTfCZ/clm/NDCMqWBC', NULL, NULL, NULL, NULL, NULL, '09108173861', 1, '02188438191', '0012008745', 'کارمند', 'مجرد', 2, 8, 329, '۱۳۶۹/۰۲/۲۳', 0, 34, '', NULL, 'حسين', '0012008745', NULL, 2, NULL, NULL, NULL, 8, 'گلدسته', NULL, NULL, NULL, NULL, NULL, NULL, 4, 'pwBbsyvOvocRqCxHLYqBu2qusGQ6IziecPwKFuX0oxdLaIBnCeqwWoWdqcs8', '2023-07-11 16:36:16', '2025-10-13 13:26:04'),
(38, 'اشکان خیری', 'ashkan_kh', 'abm@yahoo.com', 0, NULL, 'site', NULL, '$2y$10$sceUsZUBwbcyYUkyfEganOU9xJOMTBfz3RUyaDlZ2oS1Vz2FWtGAa', NULL, NULL, NULL, NULL, NULL, '09121166314', NULL, NULL, NULL, NULL, NULL, 5, NULL, NULL, NULL, NULL, NULL, '', NULL, '', '', '', 0, 0, '', 0, 0, NULL, NULL, NULL, NULL, NULL, NULL, NULL, 4, NULL, '2023-11-26 11:00:00', '2023-11-26 11:00:00'),
(40, 'محسن امیری', 'MOHSEN AMIRI', 'mohsenamiri45@gmail.com', 0, NULL, 'site', NULL, '$2y$10$WZngAML/S5ykZVrauJylvuy8vmWUx/glIpe.C4nuZfUFhd6htBEIK', NULL, NULL, NULL, NULL, 'https://lh3.googleusercontent.com/a/ACg8ocJzfo1TufBa8EBk0fLMWFDonDzG1erfT8avndHaASa6=s96-c', NULL, NULL, NULL, NULL, NULL, NULL, 6, NULL, NULL, NULL, NULL, NULL, '', NULL, '', '', '', 0, 0, '', 0, 0, NULL, NULL, NULL, NULL, NULL, NULL, NULL, NULL, '2Z8EneQcgRUmzkV8JpXcyypzXQzbxlcgOndm2oEflHUmd8mkEOlFgizlKPbz', '2023-12-23 00:54:38', '2023-12-23 00:54:38'),
(41, 'مهدی دیوان بیگی', 'mahdi divanbeigi', 'parsia.academy@gmail.com', 1, NULL, 'site', NULL, '$2y$10$PlA54xWxFIl7Ibchk2gDWekg1qH6PIDs1f9Rgh5Du861/zYiPiqTy', NULL, NULL, NULL, NULL, 'https://lh3.googleusercontent.com/a/ACg8ocJeyGGE_0Fd_yr2qo4vQ6I5qUfhqNMIAxskppd_36TtLCA=s96-c', NULL, NULL, NULL, NULL, NULL, NULL, 6, NULL, NULL, NULL, NULL, NULL, '', NULL, '', '', '', 0, 0, '', 0, 0, NULL, NULL, NULL, NULL, NULL, NULL, NULL, NULL, 'EZOW7BO6P92NyJAcCZgFyKCMNvyyYE6WxVWwRw6HqgktSLqR70nP0b8KZoH2', '2023-12-29 13:52:54', '2023-12-29 13:52:54'),
(44, 'دفتر', 'dadvarzan amin', 'dadvarzanamin@gmail.com', 1, NULL, 'admin', '6ZlvJapzICefHwFe3XZLcQUWv3bDHFO1EFs5K8ZMA1IBoLeUpz0PHEqOKKh8psMcj3LMopksg4yZ40R1hIN2YOeVTXdeeP6iIqto', '$2y$10$i9YhE51FEGT4aWRO41y5WOwZ/G8bZdo9TkwT3JzwETHxhadhEFIxa', NULL, NULL, NULL, NULL, 'https://lh3.googleusercontent.com/a/ACg8ocLy4vzrC9h_eAnD_Px2pwkUGTL7GBuPovEaoYeVrxoLsj4kaQ=s96-c', '09124917054', 1, NULL, '1234567890', NULL, NULL, 6, NULL, NULL, NULL, NULL, NULL, NULL, NULL, NULL, NULL, NULL, NULL, NULL, NULL, NULL, NULL, NULL, NULL, NULL, NULL, NULL, NULL, NULL, NULL, 'UL1mtmBKMyab9eUODve0C2sexRKhuSa0HwPxRhyjaLvwqLa7jOLaTsGli51w', '2024-05-13 08:51:55', '2025-05-18 11:44:55'),
(45, 'احسان کهن راز', 'Ehsan kz', 'ehsannn321@gmail.com', 1, NULL, 'admin', NULL, '$2y$10$C0EJJiAMe4FNKIbHjza/iu9JBgZsmTTM2PfJhtLqVm75R1kU0mVbe', NULL, NULL, NULL, NULL, 'https://lh3.googleusercontent.com/a/ACg8ocL3LmnYkkb3t6x3or_6ZLUf7l3GCUuOLk4Fe-Al9DpMeTeXpYIX=s96-c', '09909370569', NULL, NULL, NULL, NULL, NULL, 1, NULL, NULL, NULL, NULL, NULL, NULL, NULL, NULL, NULL, NULL, NULL, NULL, NULL, NULL, NULL, NULL, NULL, NULL, NULL, NULL, NULL, NULL, NULL, '5BxYzcZBZXst8ncSMrD1wPCyBCZT71ZLvAvYu9uIE4XTMbJfBtiliedX5Ttg', '2024-06-12 14:28:08', '2024-06-12 14:31:08'),
(51, 'گلستانه', 'Golestanhe', 'avd@yahoo.com', 0, NULL, 'site', NULL, '$2y$10$SJjBaky30.LNDCbyq3eetewE3OB3u/ybYQUDoEG/cu7XFDDjKwJ.C', NULL, NULL, NULL, NULL, NULL, '09101075223', NULL, NULL, NULL, NULL, NULL, 6, NULL, NULL, NULL, NULL, NULL, NULL, NULL, NULL, NULL, NULL, NULL, NULL, NULL, NULL, NULL, NULL, NULL, NULL, NULL, NULL, NULL, NULL, NULL, NULL, '2024-06-18 15:23:51', '2024-06-18 15:23:51'),
(59, 'اکبری', 'Akbari', 'abo@yahoo.com', 0, NULL, 'site', NULL, '$2y$10$5v8gpCQrLPd7FYSjE760a.YBP6q2NTm4eul6mC57xI4E0LmXFRBhu', NULL, NULL, NULL, NULL, NULL, '09127929617', NULL, NULL, NULL, NULL, NULL, 6, NULL, NULL, NULL, NULL, NULL, NULL, NULL, NULL, NULL, NULL, NULL, NULL, NULL, NULL, NULL, NULL, NULL, NULL, NULL, NULL, NULL, NULL, NULL, NULL, '2024-06-27 08:01:41', '2024-06-27 08:01:41'),
(60, 'مجتبی نظری', 'Mnazari', 'nazari.mojtaba73@yahoo.com', 0, NULL, 'site', NULL, '$2y$10$7NcxucbW.19YVguJidaXt.z80MvWVC5ara/IdxFQIV0Fp2S4IJX.a', NULL, NULL, NULL, NULL, NULL, '09104871302', 1, NULL, '4580230027', NULL, NULL, 6, NULL, NULL, NULL, NULL, NULL, NULL, NULL, NULL, NULL, NULL, NULL, NULL, NULL, NULL, NULL, NULL, NULL, NULL, NULL, NULL, NULL, NULL, NULL, NULL, '2024-06-29 09:17:22', '2024-06-29 09:45:39'),
(61, 'مهدی', 'Mehdi', 'abu@yahoo.com', 0, NULL, 'site', NULL, '$2y$10$94XOARsQ//BcVuYjR/c.3.X41f1eyqXsHzjTcbMr5CUAksbSusSne', NULL, NULL, NULL, NULL, NULL, '09133802815', 1, NULL, NULL, NULL, NULL, 6, NULL, NULL, NULL, NULL, NULL, NULL, NULL, NULL, NULL, NULL, NULL, NULL, NULL, NULL, NULL, NULL, NULL, NULL, NULL, NULL, NULL, NULL, NULL, NULL, '2024-06-30 13:40:52', '2024-06-30 13:41:06'),
(62, 'امیرحسین حاتمی', 'Amirht_8383', 'abt@yahoo.com', 0, NULL, 'site', NULL, '$2y$10$KBzYnqgy1V5BieGtlKOWYOL69mfLOp/UBphCgxHTXHApdy.P8K89a', NULL, NULL, NULL, NULL, NULL, '09393938508', 1, NULL, NULL, NULL, NULL, 6, NULL, NULL, NULL, NULL, NULL, NULL, NULL, NULL, NULL, NULL, NULL, NULL, NULL, NULL, NULL, NULL, NULL, NULL, NULL, NULL, NULL, NULL, NULL, NULL, '2024-06-30 14:21:16', '2024-06-30 14:21:35'),
(64, 'آرش پیرهادی', 'Arash', 'abw@yahoo.com', 0, NULL, 'site', NULL, '$2y$10$vuvMIJcBofZp6k4nynEawOgO4r/9vM1ie.5gFvdbNJMaiWHSXyktW', NULL, NULL, NULL, NULL, NULL, '09128938927', 1, NULL, NULL, NULL, NULL, 6, NULL, NULL, NULL, NULL, NULL, NULL, NULL, NULL, NULL, NULL, NULL, NULL, NULL, NULL, NULL, NULL, NULL, NULL, NULL, NULL, NULL, NULL, NULL, NULL, '2024-07-06 10:56:19', '2024-07-06 10:56:36'),
(65, 'زینب', 'Zeynab_a', 'abr@yahoo.com', 0, NULL, 'site', NULL, '$2y$10$y9NjqB7giXMFUyZfh4FqaOqqk/vz1Eqc8xTq3DHj.rmR6HMRSXSB.', NULL, NULL, NULL, NULL, NULL, '09046743286', 1, NULL, NULL, NULL, NULL, 6, NULL, NULL, NULL, NULL, NULL, NULL, NULL, NULL, NULL, NULL, NULL, NULL, NULL, NULL, NULL, NULL, NULL, NULL, NULL, NULL, NULL, NULL, NULL, NULL, '2024-07-06 12:53:25', '2024-07-06 12:53:42'),
(66, 'پریسا یکتا', 'Pariisaa22', 'abn@yahoo.com', 0, NULL, 'site', NULL, '$2y$10$wA1efNuPuRLmnTngtGQQiuvj0d3pv/BI0FnH8a1JEJVF0o47ezaT6', NULL, NULL, NULL, NULL, NULL, '09127055847', 1, NULL, NULL, NULL, NULL, 6, NULL, NULL, NULL, NULL, NULL, NULL, NULL, NULL, NULL, NULL, NULL, NULL, NULL, NULL, NULL, NULL, NULL, NULL, NULL, NULL, NULL, NULL, NULL, NULL, '2024-07-07 14:08:22', '2024-07-07 14:09:16'),
(67, 'علیرضاشهرزاد', 'Alireza shahrzad', 'Shhrzadlyrda@gmail.com', 0, NULL, 'site', NULL, '$2y$10$gsMK69VZ/kb3mknkRPFWJeGDztjlk2GJN5xV7Hkbdx8A.zTmzcgYa', NULL, NULL, NULL, NULL, NULL, '09124153432', 1, NULL, '0024056391', NULL, NULL, 6, NULL, NULL, NULL, NULL, NULL, NULL, NULL, NULL, NULL, NULL, NULL, NULL, NULL, NULL, NULL, NULL, NULL, NULL, NULL, NULL, NULL, NULL, NULL, NULL, '2024-07-08 03:00:50', '2024-07-08 03:06:35'),
(68, 'علیرضا کاشفی', 'kashefi', 'abg@yahoo.com', 0, NULL, 'site', NULL, '$2y$10$xWdxnocwMNwzKwEnIgd5CuMJZEsemNq2PwHQSC6Tl5SNWbanRxBp2', NULL, NULL, NULL, NULL, NULL, '09359297125', 1, NULL, NULL, NULL, NULL, 6, NULL, NULL, NULL, NULL, NULL, NULL, NULL, NULL, NULL, NULL, NULL, NULL, NULL, NULL, NULL, NULL, NULL, NULL, NULL, NULL, NULL, NULL, NULL, NULL, '2024-07-08 03:18:43', '2024-07-08 03:19:24'),
(69, 'غزاله دانشمندپور', 'daneshmandpoor', 'abf@yahoo.com', 0, NULL, 'site', NULL, '$2y$10$LPPaWEHsRexrvqRYueWHpOMBmuzjpxcgxZeZhcUkGMawMZxBmgCky', NULL, NULL, NULL, NULL, NULL, '09055770220', 1, NULL, NULL, NULL, NULL, 6, NULL, NULL, NULL, NULL, NULL, NULL, NULL, NULL, NULL, NULL, NULL, NULL, NULL, NULL, NULL, NULL, NULL, NULL, NULL, NULL, NULL, NULL, NULL, NULL, '2024-07-08 05:29:40', '2024-11-10 09:21:21'),
(70, 'علی شیخی', 'Ghost', 'abd@yahoo.com', 0, NULL, 'site', NULL, '$2y$10$1JKSisRdGU1r3JjHL7DPR.cTyqomntxTHkC3yUT3M4YmgBcCazo46', NULL, NULL, NULL, NULL, NULL, '09397822002', 1, NULL, NULL, NULL, NULL, 6, NULL, NULL, NULL, NULL, NULL, NULL, NULL, NULL, NULL, NULL, NULL, NULL, NULL, NULL, NULL, NULL, NULL, NULL, NULL, NULL, NULL, NULL, NULL, NULL, '2024-07-08 08:18:47', '2024-07-08 08:19:12'),
(71, 'مهسا احمدی', 'mahsa_a@yahoo.com', 'abc@yahoo.com', 0, NULL, '', NULL, '$2y$10$vjYgKzE9KkiZYYo1cN7vge3sROXhbvRRlTedUujU18WyVxWuMVruq', NULL, NULL, NULL, NULL, NULL, '09999934335', NULL, NULL, NULL, NULL, NULL, 6, NULL, NULL, NULL, NULL, NULL, NULL, NULL, NULL, NULL, NULL, NULL, NULL, NULL, NULL, NULL, NULL, NULL, NULL, NULL, NULL, NULL, NULL, NULL, NULL, '2024-07-22 04:56:21', '2024-07-22 04:56:21'),
(72, 'علی زاده', 'matin', 'aaa@yahoo.com', 0, NULL, '', NULL, '$2y$10$t0Ihq6MZG2KfatAU7wTwL.wnVzU1DPwMwK35g1ZjZarhTWqa7/clG', NULL, NULL, NULL, NULL, NULL, '09371625825', 1, NULL, '0150638965', NULL, NULL, 6, NULL, NULL, '۱۳۸۳/۰۳/۲۸', NULL, NULL, NULL, NULL, 'امیرحسین', NULL, NULL, NULL, NULL, NULL, NULL, NULL, NULL, NULL, NULL, NULL, NULL, NULL, NULL, NULL, NULL, '2024-07-22 19:31:41', '2025-10-14 23:05:23'),
(81, 'محمد', 'Mahdgj', 'Mafhjkvvh@gmail.com', 0, NULL, '', NULL, '$2y$10$3JHxkRzKSVTtXtCXOna9lOADULaqCb9LVsVg40XSzHdQOnfbzSKnS', NULL, NULL, NULL, NULL, NULL, '09055839536', 1, NULL, NULL, NULL, NULL, 6, NULL, NULL, NULL, NULL, NULL, NULL, NULL, NULL, NULL, NULL, NULL, NULL, NULL, NULL, NULL, NULL, NULL, NULL, NULL, NULL, NULL, NULL, NULL, NULL, '2024-07-24 11:54:45', '2024-07-24 11:55:00'),
(82, 'حسین', 'Hosseinalk', 'H.aliakbarzadeh@hotmail.com', 0, NULL, '', NULL, '$2y$10$Tex5rvGlDRszBHhzDFRKpu55z4ExsOWYRUS/f2orHlOJuBHfQ647q', NULL, NULL, NULL, NULL, NULL, '09121075223', NULL, NULL, NULL, NULL, NULL, 6, NULL, NULL, NULL, NULL, NULL, NULL, NULL, NULL, NULL, NULL, NULL, NULL, NULL, NULL, NULL, NULL, NULL, NULL, NULL, NULL, NULL, NULL, NULL, NULL, '2024-07-25 07:14:59', '2024-07-25 07:14:59'),
(83, 'عرفان ناصري نژاد', 'Erfannn', 'Erfannaserinezhad@gmail.com', 1, NULL, 'site', NULL, '$2y$10$IkU4q.NafP487IrgKqXECekE4Xt1lvAduhOoIlUUd.ER6uFcngkda', NULL, NULL, NULL, NULL, NULL, '09197437412', 1, '0919747412', '0200081888', 'ازاد', 'مجرد', 6, 8, 329, '۱۳۸۲/۰۶/۲۶', 1, NULL, NULL, NULL, 'احمد', '0200081888', NULL, 1, NULL, NULL, NULL, 8, 'بلوار ارتش بلوار نیروی زمینی کوچه شهید صادقی شهرک شهید صادقی', NULL, NULL, NULL, NULL, NULL, NULL, NULL, 'd5ibGPRK6d5SV2Nzu5620k7CZFYBD24iHnzUuqDi0HoIFgFK7AttDFujbVMO', '2024-07-25 13:50:39', '2025-10-04 14:05:42'),
(87, 'رحیمی', 'Bbnn', 'Mahdialk@gmail.com', 0, NULL, '', 'R3Nas7FsUKgdnPVkidEOqdWyQB8omJT7jd3IBIXFGcxJF2hElzlSLfwGQKzk5915rCbcxfL5QB2pY6wDhLAjwkAru75QEZ6xqBDv', '$2y$10$AVfywUdgagc9TU8h2E6odeR4AKg9lPN0pBhxWSvAGLu0nEVZbxVC6', NULL, NULL, NULL, NULL, NULL, '09033336329', 1, NULL, NULL, NULL, NULL, 6, NULL, NULL, NULL, NULL, NULL, NULL, NULL, NULL, NULL, NULL, NULL, NULL, NULL, NULL, NULL, NULL, NULL, NULL, NULL, NULL, NULL, NULL, NULL, NULL, '2024-07-25 16:44:22', '2025-02-11 17:07:35'),
(88, 'محمد نیکونژاد', 'Nikoonejad', '1982mfard@gmail.com', 0, NULL, 'site', NULL, '$2y$10$t7Rv.jLHtj.DpBswzWcXaOh6X8kaWeo76mIhsOxHqmKxikoDDMA/K', NULL, NULL, NULL, NULL, NULL, '09382949315', 1, NULL, NULL, NULL, NULL, 4, NULL, NULL, NULL, NULL, NULL, NULL, NULL, NULL, NULL, NULL, NULL, NULL, NULL, NULL, NULL, NULL, NULL, NULL, NULL, NULL, NULL, NULL, NULL, NULL, '2024-07-28 13:41:28', '2024-07-28 13:41:44'),
(89, 'ریحانه یاقوتی', 'R.yaghooti', 'R.yaghooti.99@gmail.com', 0, NULL, 'site', NULL, '$2y$10$0RJvduVN7JOIrVmYNHTf2O9Yaly3T5tC5QSkYZLGLo70I9w4wf4MC', NULL, NULL, NULL, NULL, NULL, '09109652617', 1, NULL, NULL, NULL, NULL, 6, NULL, NULL, NULL, NULL, NULL, NULL, NULL, NULL, NULL, NULL, NULL, NULL, NULL, NULL, NULL, NULL, NULL, NULL, NULL, NULL, NULL, NULL, NULL, NULL, '2024-07-28 15:16:52', '2024-07-28 15:17:17'),
(90, 'محمدمهدی مسائلی', 'masaelimahdi', 'm.mse2711@gmail.com', 1, NULL, 'site', NULL, '$2y$10$e8/9zdAZcMU5keKCBlFFLONvmlgxYSHKmL/w5cfzyOB/KhmN6hHbi', NULL, NULL, NULL, NULL, 'https://lh3.googleusercontent.com/a/ACg8ocKIraD9muApcz_krVwM8DkdM1zsi4oXEtCzewXkH2S_vb8qU4M=s96-c', '09364940599', NULL, '03136840074', '1273713443', NULL, NULL, 6, 4, 139, NULL, 1, NULL, NULL, NULL, 'حسین', '1273713443', NULL, 2, NULL, NULL, NULL, NULL, 'بهارستان', NULL, NULL, NULL, NULL, NULL, NULL, NULL, 'AIp39tEsky9SnMlu6piwcZXVhm5dvxliLbrwm2j6y05m9PV36POm3TqiIi4j', '2024-07-29 05:57:17', '2024-07-29 06:05:02'),
(91, 'علی نشوی', 'ali_nashvi', 'alinashvi_6005@gmail.com', 0, NULL, 'site', NULL, '$2y$10$slEJTFO0KvW3ajTaAz4wjOcnu/o0qcxZP33/DwukyEmEuD9Ts87s.', NULL, NULL, NULL, NULL, NULL, '09191636005', 1, NULL, NULL, NULL, NULL, 6, NULL, NULL, NULL, NULL, NULL, NULL, NULL, NULL, NULL, NULL, NULL, NULL, NULL, NULL, NULL, NULL, NULL, NULL, NULL, NULL, NULL, NULL, NULL, NULL, '2024-07-29 07:51:51', '2024-07-29 07:52:24'),
(92, 'نجمه خسروی نژاد', 'mis.khosravei', 'royakhosravei4193@gmail.com', 0, NULL, 'site', NULL, '$2y$10$BypsiSBAFIWUqc16XSNaDeSF89cMztPkLQImsNiZ6FfoB0S8RM0Am', NULL, NULL, NULL, NULL, NULL, '09352414193', NULL, NULL, NULL, NULL, NULL, 6, NULL, NULL, NULL, NULL, NULL, NULL, NULL, NULL, NULL, NULL, NULL, NULL, NULL, NULL, NULL, NULL, NULL, NULL, NULL, NULL, NULL, NULL, NULL, NULL, '2024-07-30 08:32:08', '2024-07-30 08:32:08'),
(93, 'فوژان عباسی مرویان', 'marvianabbasi', 'Fo.marvian@yahoo.com', 0, NULL, 'site', NULL, '$2y$10$0AykkzRltzN2PrSReNW1z.oM3kWUBzleCVvZpus5.isoBZw/uGPUm', NULL, NULL, NULL, NULL, NULL, '09159146416', 1, NULL, NULL, NULL, NULL, 6, NULL, NULL, NULL, NULL, NULL, NULL, NULL, NULL, NULL, NULL, 3, NULL, NULL, NULL, NULL, NULL, NULL, NULL, NULL, NULL, NULL, NULL, NULL, NULL, '2024-07-30 10:02:18', '2024-07-30 10:04:52'),
(94, 'طاها برزگران', 'TAHA', 'taha.barzegaran13@gmail.com', 0, NULL, 'site', NULL, '$2y$10$9A1r2ME2b3VFSCjIRJTMqeWAknY87uDKijIUuU9stT.77TlsTbq5i', NULL, NULL, NULL, NULL, NULL, '09015529633', 1, NULL, NULL, NULL, NULL, 6, NULL, NULL, NULL, 1, NULL, NULL, NULL, NULL, NULL, NULL, 1, NULL, NULL, NULL, NULL, NULL, NULL, NULL, NULL, NULL, NULL, NULL, NULL, NULL, '2024-07-31 04:52:23', '2024-07-31 04:57:32'),
(95, 'امیر اسلام پناه', 'Eslampanah', 'eslampanah.amir@gmail.com', 0, NULL, 'site', NULL, '$2y$10$Rl5O53LCr0ACg14Y4vNAwOaXi.Sc5tY9xHGEv318TaiDgzdGwIChK', NULL, NULL, NULL, NULL, NULL, '09354661068', 1, NULL, NULL, NULL, NULL, 6, NULL, NULL, NULL, NULL, NULL, NULL, NULL, NULL, NULL, NULL, NULL, NULL, NULL, NULL, NULL, NULL, NULL, NULL, NULL, NULL, NULL, NULL, NULL, NULL, '2024-07-31 11:51:47', '2024-07-31 11:52:07'),
(96, 'ساناز حسن پور', 'hassanpoorsanaz', 'sanaziisunhasanpour@gmail.com', 0, NULL, 'site', NULL, '$2y$10$IKTHbN6o4VCF5MlROKsVVuB8C97Zze4txMJ4NpMZaMVCFAXX8eli2', NULL, NULL, NULL, NULL, NULL, '09308800321', NULL, NULL, NULL, NULL, NULL, 6, NULL, NULL, NULL, NULL, NULL, NULL, NULL, NULL, NULL, NULL, NULL, NULL, NULL, NULL, NULL, NULL, NULL, NULL, NULL, NULL, NULL, NULL, NULL, NULL, '2024-07-31 11:53:01', '2024-07-31 11:53:01'),
(97, 'حسین قولتوقیان', 'hosseingh81', 'hossein2faan@gmail.com', 0, NULL, 'site', NULL, '$2y$10$38lMAS/3X4X2jrrV7Xa/I.y4dqfR2Q5oY5om/tTcCaeQMlbR/ZMcO', NULL, NULL, NULL, NULL, NULL, '09211451966', NULL, NULL, NULL, NULL, NULL, 6, NULL, NULL, NULL, NULL, NULL, NULL, NULL, NULL, NULL, NULL, NULL, NULL, NULL, NULL, NULL, NULL, NULL, NULL, NULL, NULL, NULL, NULL, NULL, NULL, '2024-10-14 18:24:07', '2024-10-14 18:24:07'),
(102, 'هدیه کریمی', 'hediyeh', 'Hediyehkarimioh@gmail.com', 0, NULL, 'site', NULL, '$2y$10$w0b.FZj4/bt1h37G9uKjvuxzCIC.bmyZH4Swp.H2WzPP7GlSawdmC', NULL, NULL, NULL, NULL, NULL, '09102234498', 1, NULL, '6640117096', NULL, NULL, 6, NULL, NULL, NULL, NULL, NULL, NULL, NULL, 'اسماعیل', NULL, NULL, NULL, NULL, NULL, NULL, NULL, NULL, NULL, NULL, NULL, NULL, NULL, NULL, NULL, NULL, '2024-11-10 05:00:42', '2025-01-17 14:22:54'),
(107, 'زینب امیری', 'Amiri', 'Zzzzzzzzzznih68@gmail.com', 0, NULL, 'site', NULL, '$2y$10$5Ps73suWvjdbwJ5cVMj/qeLnUVu7sKnoWZKxDi3H4jcXaPKWs3svC', NULL, NULL, NULL, NULL, NULL, '09102125912', 1, NULL, NULL, NULL, NULL, 6, NULL, NULL, NULL, NULL, NULL, NULL, NULL, NULL, NULL, NULL, NULL, NULL, NULL, NULL, NULL, NULL, NULL, NULL, NULL, NULL, NULL, NULL, NULL, NULL, '2024-11-10 17:10:41', '2024-11-10 17:10:59'),
(108, 'زینب کریمی', 'Zeynabkarimi', 'Zynbkrymy897@gmail.com', 1, NULL, 'site', NULL, '$2y$10$y6Aaa.CVYHG.MR08o3tOROE8aUk65q9Wbo1vUVu5LJ0Snco95XEFq', NULL, NULL, NULL, NULL, NULL, '09906098933', 1, NULL, NULL, NULL, NULL, 6, NULL, NULL, NULL, NULL, NULL, NULL, NULL, NULL, NULL, NULL, NULL, NULL, NULL, NULL, NULL, NULL, NULL, NULL, NULL, NULL, NULL, NULL, NULL, 'qTM8s1Co5Z84mVgV58AaLcw3LoKrukFNVYahW4ykQL4tRaB1tTdkq1dPOmCQ', '2024-11-11 05:53:58', '2024-11-11 05:59:08'),
(109, 'زهرا کردلویگانه', 'Zahrakoordlooyeganeh', 'Zahrayeganeh8383@gmail.com', 0, NULL, 'site', NULL, '$2y$10$cL8iW/JlgwBD06jIp1PvdukP0WK/edFjft7DTULPnb50XVA7/DhHm', NULL, NULL, NULL, NULL, NULL, '09966045188', 1, NULL, NULL, NULL, NULL, 6, NULL, NULL, NULL, NULL, NULL, NULL, NULL, NULL, NULL, NULL, NULL, NULL, NULL, NULL, NULL, NULL, NULL, NULL, NULL, NULL, NULL, NULL, NULL, NULL, '2024-11-11 06:06:09', '2024-11-11 06:06:32'),
(110, 'پريسا حسيني', 'Parisahosseini', 'Shosseini360@gmail.com', 0, NULL, 'site', NULL, '$2y$10$Z1lETaYW2IfvC6uQZ7myU.Fe3MMGxfFcC2X1PZIghe7PZjR3kh0L2', NULL, NULL, NULL, NULL, NULL, '09128875022', 1, NULL, '0063084511', NULL, 'مجرد', 6, 8, 329, '1360/11/09', 0, NULL, NULL, NULL, 'محمد', NULL, NULL, 3, NULL, NULL, NULL, 8, NULL, NULL, NULL, NULL, NULL, NULL, NULL, NULL, NULL, '2024-11-11 07:23:07', '2025-05-30 03:47:00'),
(111, 'رضا شیرخدایی', 'shirkhodaei', 'Reza.shirkhodaei@yahoo.com', 0, NULL, 'site', NULL, '$2y$10$KCf8X2yaD.aANAwk/RUnJ.wykfsV3k3caH9sp1rgiG6vSLRoH0JPW', NULL, NULL, NULL, NULL, NULL, '09123263398', NULL, NULL, NULL, NULL, NULL, 6, NULL, NULL, NULL, NULL, NULL, NULL, NULL, NULL, NULL, NULL, NULL, NULL, NULL, NULL, NULL, NULL, NULL, NULL, NULL, NULL, NULL, NULL, NULL, NULL, '2024-11-12 03:53:28', '2024-11-12 03:53:28'),
(128, 'محمدمیرزایی', 'mirzaeemohammad', NULL, 0, NULL, 'site', NULL, '$2y$10$jFuRaj5txtv919/BEfupjeEVS9vJ/zPeQJFoeB84pEKwnJHsX3BDe', NULL, NULL, NULL, NULL, NULL, '09120350451', 1, NULL, NULL, NULL, NULL, 4, NULL, NULL, NULL, NULL, NULL, NULL, NULL, NULL, NULL, NULL, NULL, NULL, NULL, NULL, NULL, NULL, NULL, NULL, NULL, NULL, NULL, NULL, NULL, NULL, '2024-11-13 19:59:44', '2024-11-13 20:00:04'),
(129, 'ساجده طزری', 'Sajedeh_tzr', 'Sajedehtazari@yahoo.com', 0, NULL, 'site', NULL, '$2y$10$KJC.5.bckganGPqYH1K2yeD6eZCO99h8kC54ggwJnT.aL7Ll/7ioC', NULL, NULL, NULL, NULL, NULL, '09154753034', 1, NULL, NULL, NULL, NULL, 6, NULL, NULL, NULL, NULL, NULL, NULL, NULL, NULL, NULL, NULL, NULL, NULL, NULL, NULL, NULL, NULL, NULL, NULL, NULL, NULL, NULL, NULL, NULL, NULL, '2024-11-14 08:18:07', '2024-11-14 08:18:23'),
(130, 'علیرضا صفری', 'Alireza', 'safarialireza489@gmail.com', 0, NULL, 'site', NULL, '$2y$10$bjJx2ORVm5yULBz5pFykkexRiZBXdiTViPICl1/hi0ZOkICqNtUgG', NULL, NULL, NULL, NULL, NULL, '09125765590', 1, NULL, NULL, NULL, NULL, 6, NULL, NULL, NULL, NULL, NULL, NULL, NULL, NULL, NULL, NULL, NULL, NULL, NULL, NULL, NULL, NULL, NULL, NULL, NULL, NULL, NULL, NULL, NULL, NULL, '2024-11-14 12:11:55', '2024-11-22 03:12:54'),
(131, 'سيدنيما شاهرخي', 'shahrokhinima', 'N.shahrokhi7@gmail.com', 0, NULL, 'site', 'JJXo9wQIZFANZH9hnafgoX2F4luXS1epyaigHcq7eV8srqFqZ4fg1ONKdI7PoavO9Hdr27279vaq1gYQ9uWzfr8KnUApG1CfeBQq', '$2y$10$sVRsLAY8hh/HMv3Xffk5wexfk7mSTwQis.aC33xqbiBcr79QJofDW', NULL, NULL, NULL, NULL, NULL, '09351174848', 1, NULL, '4073501046', NULL, 'متاهل', 6, NULL, NULL, '1365/03/04', 1, NULL, NULL, NULL, 'سيدسعيد', NULL, NULL, NULL, NULL, NULL, NULL, NULL, NULL, NULL, NULL, NULL, NULL, NULL, NULL, NULL, NULL, '2024-11-14 13:16:11', '2025-05-30 03:47:02'),
(132, 'فاطمه جلالی', 'FatemeJalali', 'Jllftmh@gmail.com', 0, NULL, 'site', NULL, '$2y$10$Hi/OBp7wYUxzovtsgSdJQevFMwByIgMt9kR9Ht16Fl9MMUbVHaSmO', NULL, NULL, NULL, NULL, NULL, '09120286741', 1, NULL, NULL, NULL, NULL, 6, NULL, NULL, NULL, NULL, NULL, NULL, NULL, NULL, NULL, NULL, NULL, NULL, NULL, NULL, NULL, NULL, NULL, NULL, NULL, NULL, NULL, NULL, NULL, NULL, '2024-11-14 13:34:37', '2024-11-14 13:34:57'),
(133, 'علی اصغر محمدی', 'Aliasghar', 'z5663a@gmail.com', 0, NULL, 'site', NULL, '$2y$10$HpLzVgAMR7xy9fQ5ZBJxKekaPUqclTIRhnsKgx3RTC3UQSIxLvh.K', NULL, NULL, NULL, NULL, NULL, '09380801932', 1, NULL, NULL, NULL, NULL, 4, NULL, NULL, NULL, NULL, NULL, NULL, NULL, NULL, NULL, NULL, NULL, NULL, NULL, NULL, NULL, NULL, NULL, NULL, NULL, NULL, NULL, NULL, NULL, NULL, '2024-11-15 03:14:15', '2024-11-15 03:14:37'),
(134, 'سينا گمار', 'Parsa1992', 'Sinagomar@yahoo.com', 0, NULL, 'site', NULL, '$2y$10$yG11bJrmaOMfzUcVGLB1Kup00CaLzTOFOEzoENvfHIVLhfaAJYTjG', NULL, NULL, NULL, NULL, NULL, '09028401200', 1, NULL, '0015212483', NULL, NULL, 6, NULL, NULL, '1371/04/31', 1, NULL, NULL, NULL, 'حسن', NULL, NULL, NULL, NULL, NULL, NULL, NULL, NULL, NULL, NULL, NULL, NULL, NULL, NULL, NULL, NULL, '2024-11-15 03:56:14', '2025-05-30 03:47:04'),
(135, 'نگار كريمي', 'kariminegar', 'Negarkarimi049@gmail.com', 0, NULL, 'site', NULL, '$2y$10$d0c.FqHYlIj4lEgLlijO/epnzyHqyN0/HRNOi66YZdpV/ordd1ghe', NULL, NULL, NULL, NULL, NULL, '09124703762', 1, NULL, '0311249280', NULL, NULL, 6, NULL, NULL, '1374/03/21', 0, NULL, NULL, NULL, 'مصطفي', NULL, NULL, NULL, NULL, NULL, NULL, NULL, NULL, NULL, NULL, NULL, NULL, NULL, NULL, NULL, NULL, '2024-11-15 05:04:19', '2025-05-30 03:47:06'),
(136, 'حسام الدين هوشيار', 'Hesam123456789', 'Hamishani767@gmail.com', 0, NULL, 'site', NULL, '$2y$10$ZgwwTrZ7qWU6l9jxdQpLGObl/AoleKKkIxZvzStVH5CCmfqM1LZee', NULL, NULL, NULL, NULL, NULL, '09120303412', 1, NULL, '0441240356', 'دانشجو', 'مجرد', 6, NULL, NULL, '1383/05/24', 1, NULL, NULL, NULL, 'هاشم', NULL, NULL, 1, NULL, NULL, NULL, 8, NULL, NULL, NULL, NULL, NULL, NULL, NULL, NULL, NULL, '2024-11-15 13:15:27', '2025-05-30 03:47:08'),
(137, 'سارا صفی زاده', 'sarasafizadeh12@gmail.com', 'sarasafi61@gmial.com', 0, NULL, 'site', NULL, '$2y$10$Yjl8Ic0GplyNc0nfagzFlOwBN/hPOcgbg5od044Gj4wcqFuUqQ6/y', NULL, NULL, NULL, NULL, NULL, '09175802997', 1, NULL, NULL, NULL, NULL, 4, NULL, NULL, NULL, NULL, NULL, NULL, NULL, NULL, NULL, NULL, NULL, NULL, NULL, NULL, NULL, NULL, NULL, NULL, NULL, NULL, NULL, NULL, NULL, NULL, '2024-11-15 13:21:43', '2024-11-15 13:22:08'),
(138, 'محمدرضا آغال', 'Aghal2000', 'Mohammadrezaaghal99@gmail.com', 0, NULL, 'site', NULL, '$2y$10$fCq.L43K8YZnZWwvNJghQuCHP4HjdR.e5G.s7srHDwbYMe.0Mslje', NULL, NULL, NULL, NULL, NULL, '09192716700', 1, NULL, NULL, NULL, NULL, 6, NULL, NULL, NULL, NULL, NULL, NULL, NULL, NULL, NULL, NULL, NULL, NULL, NULL, NULL, NULL, NULL, NULL, NULL, NULL, NULL, NULL, NULL, NULL, NULL, '2024-11-15 13:29:48', '2024-11-15 13:30:09'),
(139, 'علیرضا نجفی', 'AlirezaNajafi', 'alireza6070njf@gmail.com', 0, NULL, 'site', NULL, '$2y$10$VZMCVyfl152/T3THzvhZOeFm8ghgkx8VizpV8y/M6lSFmYGph0GIW', NULL, NULL, NULL, NULL, NULL, '09221256843', 1, NULL, NULL, NULL, NULL, 6, NULL, NULL, NULL, NULL, NULL, NULL, NULL, NULL, NULL, NULL, NULL, NULL, NULL, NULL, NULL, NULL, NULL, NULL, NULL, NULL, NULL, NULL, NULL, NULL, '2024-11-15 15:02:30', '2024-11-21 09:17:44'),
(140, 'علیرضا حشمتیان ازاد', 'Alireza_heshmatian_azad', 'alirezaheshmatian.azad@gmail.com', 0, NULL, 'site', NULL, '$2y$10$L79O1Or0A/Zkd4Cstq6B5ujUqjD2HHMCzswxvY8xyLjsYH8qcLnXi', NULL, NULL, NULL, NULL, NULL, '09215503897', 1, NULL, NULL, NULL, NULL, 4, NULL, NULL, NULL, NULL, NULL, NULL, NULL, NULL, NULL, NULL, NULL, NULL, NULL, NULL, NULL, NULL, NULL, NULL, NULL, NULL, NULL, NULL, NULL, NULL, '2024-11-15 15:11:21', '2024-11-15 15:11:42'),
(141, 'علی نجفی', 'Alinajafi', 'Alinajafiii0021@gmail.com', 0, NULL, 'site', NULL, '$2y$10$sNs8wH3oMYZFIBPFBbhxFeG.ZyTXyBgpx0YDYxFo5myHFXoFnre06', NULL, NULL, NULL, NULL, NULL, '09210018358', 1, NULL, NULL, NULL, NULL, 6, NULL, NULL, NULL, NULL, NULL, NULL, NULL, NULL, NULL, NULL, NULL, NULL, NULL, NULL, NULL, NULL, NULL, NULL, NULL, NULL, NULL, NULL, NULL, NULL, '2024-11-15 15:12:58', '2024-11-16 07:33:52'),
(142, 'امیرحسین محسنی', 'Amirhossein mohseni', 'a.mohsenilaw@gmail.com', 0, NULL, 'site', NULL, '$2y$10$YtXksyFIYOMUIoiN7uAQgOCi13G8vTrVMa2D/meXeuMFx7Suw.Dke', NULL, NULL, NULL, NULL, NULL, '09154352258', 1, NULL, NULL, NULL, NULL, 6, NULL, NULL, NULL, NULL, NULL, NULL, NULL, NULL, NULL, NULL, NULL, NULL, NULL, NULL, NULL, NULL, NULL, NULL, NULL, NULL, NULL, NULL, NULL, NULL, '2024-11-15 16:28:11', '2024-11-15 16:28:33'),
(143, 'جاويد جلالي', 'javid.jalali57@gmail.com', 'javid.jalali57@gmail.com', 0, NULL, 'site', 'mqyixeIOJeJOyjPvmwJyKGRyto23shHXHs0Gpyac697w994QZx39UkRY7ISJEzAxcr4C1GXYRFTirqzxio7sGt2q8IbmZFpscXNg', '$2y$10$QbqfPTJarZD5BVaO4ea8QesVSkmk9IezG0XU0utS/3gXNTHFq8Q0C', NULL, NULL, NULL, NULL, NULL, '09128106780', 1, NULL, '0061767761', NULL, NULL, 6, NULL, NULL, '1357/01/20', 1, NULL, NULL, NULL, 'محمد', NULL, NULL, NULL, NULL, NULL, NULL, NULL, NULL, NULL, NULL, NULL, NULL, NULL, NULL, NULL, NULL, '2024-11-16 02:08:35', '2025-05-30 03:47:10'),
(144, 'مهدی زارعی', 'mahdizarei', 'zarei.zmahdi@gmail.com', 0, NULL, 'site', NULL, '$2y$10$L0LYocItxzgi5ExGdXPc9.26RGJh3j4cChEUIDDUkafFV8QPZN08q', NULL, NULL, NULL, NULL, NULL, '09143093525', 1, NULL, NULL, NULL, NULL, 6, NULL, NULL, NULL, NULL, NULL, NULL, NULL, NULL, NULL, NULL, 1, NULL, NULL, NULL, NULL, NULL, NULL, NULL, NULL, NULL, NULL, NULL, NULL, NULL, '2024-11-16 04:08:04', '2024-11-16 04:16:55'),
(145, 'مبینا خوبان', 'Mobina', 'Mobinakhooban.28@gmail.com', 0, NULL, 'site', NULL, '$2y$10$63maCBClg8ntb41AezWpY.w94blGWjep2mA6bVvmKnX1wFnG3ScxK', NULL, NULL, NULL, NULL, NULL, '09212023925', NULL, NULL, NULL, NULL, NULL, 6, NULL, NULL, NULL, NULL, NULL, NULL, NULL, NULL, NULL, NULL, NULL, NULL, NULL, NULL, NULL, NULL, NULL, NULL, NULL, NULL, NULL, NULL, NULL, NULL, '2024-11-16 06:54:18', '2024-11-16 06:54:18'),
(146, 'محمد صادق کربلایی', 'mohammadsadeghh', 'Mohammad.skm812@gmail.com', 0, NULL, 'site', NULL, '$2y$10$OPZc5seOMhc9zKMv1t2riedp3V7RScbfBZxMkFE.lbj7UZ9hg7v8O', NULL, NULL, NULL, NULL, NULL, '09195931162', 1, NULL, NULL, NULL, NULL, 6, NULL, NULL, NULL, NULL, NULL, NULL, NULL, NULL, NULL, NULL, NULL, NULL, NULL, NULL, NULL, NULL, NULL, NULL, NULL, NULL, NULL, NULL, NULL, NULL, '2024-11-16 07:50:41', '2024-11-16 07:51:05'),
(147, 'سارا محسنی وطنی', 'Sarramohseni', 'Sarramohseni@gmail.com', 0, NULL, 'site', NULL, '$2y$10$FgY1tAP.cT768niDsTc2PePtSGGanQJvQpBpVe/Mw5vh7jJ63uQPK', NULL, NULL, NULL, NULL, NULL, '09024956001', 1, NULL, NULL, NULL, NULL, 6, NULL, NULL, NULL, NULL, NULL, NULL, NULL, NULL, NULL, NULL, NULL, NULL, NULL, NULL, NULL, NULL, NULL, NULL, NULL, NULL, NULL, NULL, NULL, NULL, '2024-11-17 04:24:48', '2024-11-17 04:24:57'),
(148, 'سعيد خدائي محمودآباد', 'S.kh', 'khodaee27@yahoo.com', 0, NULL, 'site', NULL, '$2y$10$DxVo74tPWVTEBxt8ybeeGermHsqO78594Fbvuo3VwtaCegL81dzk.', NULL, NULL, NULL, NULL, NULL, '09122015620', 1, NULL, '0083383778', NULL, NULL, 6, NULL, NULL, '1367/01/16', 1, NULL, NULL, NULL, 'شهرود', NULL, NULL, 1, NULL, NULL, NULL, NULL, NULL, NULL, NULL, NULL, NULL, NULL, NULL, NULL, NULL, '2024-11-17 06:08:26', '2025-05-30 03:47:12'),
(149, 'امیررضا خراسانی', 'amirreza', 'mhnkhorasani@gmail.com', 0, NULL, 'site', NULL, '$2y$10$IXMu.Cy0d9bvpT0Pm9JAqu1twbDgKuNRp60NjD5kQKmfVfjESjBX2', NULL, NULL, NULL, NULL, NULL, '09190353881', 1, NULL, NULL, NULL, NULL, 6, NULL, NULL, NULL, NULL, NULL, NULL, NULL, NULL, NULL, NULL, NULL, NULL, NULL, NULL, NULL, NULL, NULL, NULL, NULL, NULL, NULL, NULL, NULL, NULL, '2024-11-17 07:32:11', '2024-11-17 07:32:21'),
(151, 'امیر حسین الکا', 'Amir', 'o5570098@gmail.com', 0, NULL, 'site', NULL, '$2y$10$8XN4t3fLYJDPpvm3WAH6OeEDh7mZLaFr6ESXjsYUAJ0bafa6zPh66', NULL, NULL, NULL, NULL, NULL, '09204560329', 1, NULL, NULL, NULL, NULL, 6, NULL, NULL, NULL, NULL, NULL, NULL, NULL, NULL, NULL, NULL, NULL, NULL, NULL, NULL, NULL, NULL, NULL, NULL, NULL, NULL, NULL, NULL, NULL, NULL, '2024-11-17 12:00:48', '2024-11-17 12:01:28'),
(153, 'عرشيا فاطمي', 'Arshiya1383@', 'Arshiyafatemi635@gmail.com', 0, NULL, 'site', NULL, '$2y$10$s3Vqi4VzeUdXc7Us7HYz2.IxcZkNlXKNw3Eu12w6SJXLkoNUTo4eK', NULL, NULL, NULL, NULL, NULL, '09124874514', 1, NULL, '0200425821', NULL, NULL, 6, NULL, NULL, '1383/11/01', 1, NULL, NULL, NULL, 'محمودرضا', NULL, NULL, NULL, NULL, NULL, NULL, NULL, NULL, NULL, NULL, NULL, NULL, NULL, NULL, NULL, NULL, '2024-11-18 05:19:33', '2025-05-30 03:47:14'),
(154, 'حسین شیردل', '123456789hosein', 'Hosheeudge@email.com', 0, NULL, 'site', NULL, '$2y$10$3f4DkV5ZTKTO4/k6u5y6pOvkb8kE5QftnMM6Rufj.Y/QI38QUnqhC', NULL, NULL, NULL, NULL, NULL, '09193940172', 1, NULL, NULL, NULL, NULL, 6, NULL, NULL, NULL, NULL, NULL, NULL, NULL, NULL, NULL, NULL, NULL, NULL, NULL, NULL, NULL, NULL, NULL, NULL, NULL, NULL, NULL, NULL, NULL, NULL, '2024-11-18 11:01:57', '2024-11-18 11:03:04'),
(155, 'سحر تقی پور', 'Sahar Taghipour', 'Anoorasahar69@gmail.com', 0, NULL, 'site', NULL, '$2y$10$xXhMq7Q3oWUECDAxAPHzN.so7tA9cDigJ6bxzdsif/LNI9ViM6EzS', NULL, NULL, NULL, NULL, NULL, '09353040916', 1, NULL, NULL, NULL, NULL, 6, NULL, NULL, NULL, NULL, NULL, NULL, NULL, NULL, NULL, NULL, NULL, NULL, NULL, NULL, NULL, NULL, NULL, NULL, NULL, NULL, NULL, NULL, NULL, NULL, '2024-11-18 14:13:50', '2024-11-18 14:14:03'),
(156, 'آرزو رضائي', 'Arezo rezaei', 'Arezorezayi7@gmail.com', 0, NULL, 'site', 'nMJsqS6pEQHbTkKQ8Yky85kyeLnlAAQKGVWnoWg4OWChlCxlUJMnj6QU7aJuNAIoM6DVTnfzNQ0smqPLeIYtH67FJYf7A1J7WGg9', '$2y$10$TL1az72OeOHXCeJiXTcD6euAjJ0hoRmH9Wu1.5o0amjP6gtcUZhTu', NULL, NULL, NULL, NULL, NULL, '09330228385', 1, NULL, '0024611530', NULL, NULL, 6, NULL, NULL, '1380/08/01', 0, NULL, NULL, NULL, 'قادر', NULL, NULL, NULL, NULL, NULL, NULL, NULL, NULL, NULL, NULL, NULL, NULL, NULL, NULL, NULL, NULL, '2024-11-19 05:27:01', '2025-10-04 10:03:12'),
(166, 'الیکا اصغری', 'Eli', 'elika.asghari1380@gmail.com', 0, NULL, 'site', NULL, '$2y$10$V6ftT/vOIWfd/n4YLX0v1uPRzDCoM/p2W/OA.h7ZxJAZk1vCHyxne', NULL, NULL, NULL, NULL, NULL, '09190591558', 1, NULL, NULL, NULL, NULL, 6, NULL, NULL, NULL, NULL, NULL, NULL, NULL, NULL, NULL, NULL, NULL, NULL, NULL, NULL, NULL, NULL, NULL, NULL, NULL, NULL, NULL, NULL, NULL, NULL, '2024-12-01 12:08:21', '2024-12-01 12:08:43'),
(167, 'حنانه طاهری', 'Taherihanane', 'Taherihanane2004@gmail.com', 0, NULL, 'site', NULL, '$2y$10$M5krIUZ.6N7w3VtN3Mhtfe.dbSkn.ra2CzYb0PzCeJVeX1u2nHlCG', NULL, NULL, NULL, NULL, NULL, '09104205364', 1, NULL, '0150625928', NULL, NULL, 6, NULL, NULL, NULL, NULL, NULL, NULL, NULL, 'محمدحسین', NULL, NULL, NULL, NULL, NULL, NULL, NULL, NULL, NULL, NULL, NULL, NULL, NULL, NULL, NULL, NULL, '2024-12-01 12:37:22', '2025-01-11 14:26:29'),
(168, 'آتوسا نوريان تلوكي', 'Atousa', 'Atousanourian1992@gmail.com', 0, NULL, 'site', NULL, '$2y$10$T2K2yI5lovhfzpy7zKKpFOnELbFUNmEYTIACr9bVEq4Svlq4dnfYK', NULL, NULL, NULL, NULL, NULL, '09902992036', 1, NULL, '2150227983', NULL, 'مجرد', 4, NULL, NULL, '1370/11/10', 0, NULL, NULL, NULL, 'ديان', '۲۱۵۰۲۲۷۹۸۳', '1', 3, NULL, NULL, 1, NULL, NULL, NULL, NULL, NULL, NULL, NULL, NULL, NULL, NULL, '2024-12-02 13:25:54', '2025-05-30 03:47:18'),
(169, 'مریم حسن خانی', 'MaryamHasankhani', 'mismari1414@gmail.com', 0, NULL, 'site', NULL, '$2y$10$LSq3MTHx.SbFQ5gdUtbnZOcgI1iw6fkmrVrRODWtMWRQ9uCoP1lmS', NULL, NULL, NULL, NULL, NULL, '09121498157', 1, NULL, NULL, NULL, NULL, 6, NULL, NULL, NULL, NULL, NULL, NULL, NULL, NULL, NULL, NULL, NULL, NULL, NULL, NULL, NULL, NULL, NULL, NULL, NULL, NULL, NULL, NULL, NULL, NULL, '2024-12-02 13:47:44', '2024-12-02 13:48:15'),
(170, 'عرفان خرم', 'erfankhorram', 'erfankhorram4@gmail.com', 0, NULL, 'site', 'MK0pAuM9TmRkcWdjKfSCgkkWYW2b0oM6bT1CV70TBMjssJxqTcRdNL1UgfTxm3eE08a6fh8br9ugCwQC5v4wVkqdFaeHoDMdxR1x', '$2y$10$Xe7mzdlj2ApQOPm7RTGydukZrdZaDsJKZJOTdejn7zh9lEYxTephW', NULL, NULL, NULL, NULL, NULL, '09126125954', 1, '55741465', '0110026802', NULL, 'مجرد', 6, NULL, 329, '1380/10/23', 1, NULL, NULL, NULL, 'داود', NULL, NULL, NULL, NULL, NULL, NULL, NULL, NULL, NULL, NULL, NULL, NULL, NULL, NULL, NULL, NULL, '2024-12-07 15:25:53', '2025-05-30 03:47:20'),
(171, 'عاطفه رستمي', 'aaarostami', 'aaarostami11@gmail.com', 0, NULL, 'site', NULL, '$2y$10$IV8u4lKk0Kp1HRDECIZgQeB5sf4NsOw5tP/sCPI2SF20oGphHNuM.', NULL, NULL, NULL, NULL, NULL, '09189089568', 1, NULL, '3980064662', NULL, NULL, 4, NULL, NULL, '1369/05/21', 0, NULL, NULL, NULL, 'ولي الله', NULL, NULL, NULL, NULL, NULL, NULL, NULL, NULL, NULL, NULL, NULL, NULL, NULL, NULL, NULL, NULL, '2024-12-08 03:17:26', '2025-05-30 03:47:23'),
(172, 'روژينا ميرترابي', 'rozhina', 'rozhinamirtorabii@gmail.com', 0, NULL, 'site', NULL, '$2y$10$.crVUDv03C8xlFeOzN6G0uJiSc0l12ALT27ShdGUcJ3QB4CkRW/Gi', NULL, NULL, NULL, NULL, NULL, '09100909224', 1, NULL, '0250128934', NULL, NULL, 6, NULL, NULL, '1382/07/17', 0, NULL, NULL, NULL, 'حميد', NULL, NULL, NULL, NULL, NULL, NULL, NULL, NULL, NULL, NULL, NULL, NULL, NULL, NULL, NULL, NULL, '2024-12-08 08:07:05', '2025-05-30 03:47:26'),
(175, 'نیلوفر فغانی', 'niloofgn', 'niloofarfaghani9@gmail.com', 0, NULL, 'site', NULL, '$2y$10$gL/TlBTeURJewIHaUsMHj.yYaPx9cXidjAZdVpFQ56yMRculCms1G', NULL, NULL, NULL, NULL, NULL, '09199982868', NULL, NULL, '2240123349', NULL, NULL, 6, NULL, NULL, NULL, NULL, NULL, NULL, NULL, 'ابراهیم', NULL, NULL, NULL, NULL, NULL, NULL, NULL, NULL, NULL, NULL, NULL, NULL, NULL, NULL, NULL, NULL, '2024-12-09 04:14:00', '2025-01-20 20:23:17'),
(176, 'مهناز فتحی', 'Mahnaz fathi', 'Www.Mahnazfathi149@gmail.com', 0, NULL, 'site', NULL, '$2y$10$tG6OqHgK1eSjwnCVCuFsN.s84IwAPovRqMpjr7xMv2MyQbOjI.Z62', NULL, NULL, NULL, NULL, NULL, '09123651869', NULL, NULL, NULL, NULL, NULL, 6, NULL, NULL, NULL, NULL, NULL, NULL, NULL, NULL, NULL, NULL, NULL, NULL, NULL, NULL, NULL, NULL, NULL, NULL, NULL, NULL, NULL, NULL, NULL, NULL, '2024-12-09 04:58:22', '2024-12-09 04:58:22'),
(177, 'مبینا راد', 'Mobiinarad', 'Mobinarad99@gmail.com', 0, NULL, 'site', NULL, '$2y$10$N9VbcjSvLzrllLaTw3p2MehQYh.zTScuhR7a4Fs2p4BGqjgACrCU6', NULL, NULL, NULL, NULL, NULL, '09012501892', NULL, NULL, NULL, NULL, NULL, 6, NULL, NULL, NULL, NULL, NULL, NULL, NULL, NULL, NULL, NULL, NULL, NULL, NULL, NULL, NULL, NULL, NULL, NULL, NULL, NULL, NULL, NULL, NULL, NULL, '2024-12-10 02:10:24', '2024-12-10 02:10:24'),
(178, 'هانيه زماني فرد', 'hanieh_zamani', 'hanieh.zamanifard@gmail.com', 0, NULL, 'site', 'YuiBeawdnV8i6wigvrYgKWBdr5wgINcNrHul7O8YQ6X8v5QSOcG2yXIZexG9IELBIjUdEVFis5eV346gXUdTsrPmLDfZv0DjgK9V', '$2y$10$z.rjuRjIl.MGGWRZ4NkcKeePLiSleYGBBdrUAtOsVqXQ9247VvzeK', NULL, NULL, NULL, NULL, NULL, '09370835259', NULL, NULL, '0024544442', NULL, 'مجرد', 6, NULL, 329, '1380/07/30', 0, NULL, NULL, NULL, 'امين', NULL, NULL, NULL, NULL, NULL, NULL, NULL, NULL, NULL, NULL, NULL, NULL, NULL, NULL, NULL, NULL, '2024-12-10 02:19:05', '2025-05-30 03:47:28'),
(179, 'آرزو موتاب همداني', 'viva', 'vivawinter1974@gmail.com', 1, NULL, 'site', NULL, '$2y$10$HbuDfrPXtP4zxj7WZ7skjeyqVzfULKnrwrOqpdW4mAokzWJdCWr9y', NULL, NULL, NULL, NULL, NULL, '09104440912', 1, '09104440912', '3874459802', 'دانشجو', 'متاهل', 6, 8, 329, '1352/10/01', 0, NULL, NULL, NULL, 'حسن', '443', NULL, 2, NULL, NULL, NULL, 8, 'تهران', NULL, NULL, NULL, NULL, NULL, NULL, NULL, 'zIbkjxLPtZIjqrqmu9h7YJ7SKRR7qMaJ7DX8NJ1D2Gsvw9NgDThnGbnOf6cA', '2024-12-10 04:09:29', '2025-05-30 03:47:30'),
(180, 'ثناوکیلی', 'Sanavakili', 'San.vakili2016@gmail.com', 0, NULL, 'site', NULL, '$2y$10$d9F.v.Ebpb9v/y9sYv7JPuvf68BGhFMXGLd/L7.isLaNeLff06FJS', NULL, NULL, NULL, NULL, NULL, '09031870557', NULL, NULL, NULL, NULL, NULL, 6, NULL, NULL, NULL, NULL, NULL, NULL, NULL, NULL, NULL, NULL, NULL, NULL, NULL, NULL, NULL, NULL, NULL, NULL, NULL, NULL, NULL, NULL, NULL, NULL, '2024-12-10 04:16:35', '2024-12-10 04:16:35'),
(182, 'غزل محمدی', 'Ghazal123', 'ayakalili56@gmail.com', 0, NULL, 'site', NULL, '$2y$10$EflOYBfquaNEb15BUvMNVO11anQBtFQcUXCQ62YcvcrLtgmkL.m7i', NULL, NULL, NULL, NULL, NULL, '09386293971', NULL, NULL, '0250514192', NULL, NULL, 6, NULL, NULL, NULL, NULL, NULL, NULL, NULL, NULL, NULL, NULL, NULL, NULL, NULL, NULL, NULL, NULL, NULL, NULL, NULL, NULL, NULL, NULL, NULL, NULL, '2024-12-10 08:01:03', '2024-12-10 08:20:26'),
(186, 'فاطمه نوروزی', 'Maniya12345@', 'maniya.norouzi@gmail.com', 0, NULL, 'site', NULL, '$2y$10$tSoSsxGOVtvUIZAlHjFqQefC7Yu/J.GM2sAXY4/QZ537ksGkiO/JG', NULL, NULL, NULL, NULL, NULL, '09195698059', 1, NULL, NULL, NULL, NULL, 4, NULL, NULL, NULL, NULL, NULL, NULL, NULL, NULL, NULL, NULL, NULL, NULL, NULL, NULL, NULL, NULL, NULL, NULL, NULL, NULL, NULL, NULL, NULL, NULL, '2024-12-10 10:05:57', '2024-12-10 10:06:13'),
(190, 'پارسا ظهره‌وند', 'Parsazohrevand', 'parsa9090zohrevand@gmail.com', 0, NULL, 'site', NULL, '$2y$10$wF1QHuj.X9WPSWahPGsHde319zjjyIDCdiEp1CvdR9qNOaodd5.w.', NULL, NULL, NULL, NULL, NULL, '09129247827', NULL, NULL, NULL, NULL, NULL, 6, NULL, NULL, NULL, NULL, NULL, NULL, NULL, NULL, NULL, NULL, NULL, NULL, NULL, NULL, NULL, NULL, NULL, NULL, NULL, NULL, NULL, NULL, NULL, NULL, '2024-12-10 11:20:49', '2024-12-10 11:20:49'),
(192, 'علی خاندان', 'Ali', 'ali.khanehdan@gmail.com', 0, NULL, 'site', NULL, '$2y$10$ycU22OzA2EeryerqlbyC2OZvuzDjHQ9ZoZBKU4QymkaCUUrWOcZQe', NULL, NULL, NULL, NULL, NULL, '09128189013', NULL, NULL, NULL, NULL, NULL, 4, NULL, NULL, NULL, NULL, NULL, NULL, NULL, NULL, NULL, NULL, NULL, NULL, NULL, NULL, NULL, NULL, NULL, NULL, NULL, NULL, NULL, NULL, NULL, NULL, '2024-12-13 09:42:22', '2024-12-13 09:42:22'),
(193, 'علي خانه دان شندي', 'Alii', 'ali.khanehdan@yahoo.com', 0, NULL, 'site', 'RjqQf9oMN5w3OctRRgexKSDuYaBuTZxTfPUu5BKTu6ZYzMSdNCJcawwMC1EZejrc3KvRdLEHCSoUEmvY6ZS8NHTK8XpfTnLOZ9oT', '$2y$10$0Ni4GwMUorF/3rVMiDN9DenrmfBc2.b7uSE.rtn3qy9izp3hDZrSK', NULL, NULL, NULL, NULL, NULL, '09128189012', 1, NULL, '0011994517', 'کارآموز وکالت', 'متاهل', 4, NULL, 329, '1369/03/13', 1, NULL, NULL, NULL, 'خيراله', '0011994517', '3', 3, NULL, NULL, 1, 8, NULL, NULL, NULL, NULL, NULL, NULL, NULL, NULL, NULL, '2024-12-13 09:43:57', '2025-05-30 03:47:32'),
(195, 'محمد قره داغی توکا', 'erfankhooram', 'erfankhooram4@gmail.com', 0, NULL, 'site', NULL, '$2y$10$KAypclZnOPWB2lZqYXWZw.EEU5h3uBasUo0liNwzqcj8AB69GwBia', NULL, NULL, NULL, NULL, NULL, '09122424390', 1, NULL, NULL, NULL, NULL, 6, NULL, NULL, NULL, NULL, NULL, NULL, NULL, NULL, NULL, NULL, NULL, NULL, NULL, NULL, NULL, NULL, NULL, NULL, NULL, NULL, NULL, NULL, NULL, NULL, '2024-12-15 14:29:38', '2024-12-15 14:29:56'),
(196, 'رزیتا دژم فکر', 'rozitadezham', 'rozitadezhamfekr@gmail.com', 0, NULL, 'site', NULL, '$2y$10$8FspkU6VmGcACjR1TEKrdOK/i2hTlOXxGlebz878wus3DA.54GrMm', NULL, NULL, NULL, NULL, NULL, '09120144615', 1, NULL, '0150357281', NULL, NULL, 6, NULL, NULL, '1382/02/09', NULL, NULL, NULL, NULL, 'کریم', NULL, NULL, NULL, NULL, NULL, NULL, NULL, NULL, NULL, NULL, NULL, NULL, NULL, NULL, NULL, NULL, '2024-12-15 17:52:33', '2025-02-18 12:14:43'),
(197, 'فاطمه هاشم پور', 'Fatemeh hashempour', 'fatemeh.hashempour80@gmail.com', 0, NULL, 'site', NULL, '$2y$10$8ecwgNsC.WVTlNF8TPbfQuP2JAXL.YIA0/gFNPwyQ2bp4ktN36BBu', NULL, NULL, NULL, NULL, NULL, '09106171752', 1, NULL, NULL, NULL, NULL, 6, NULL, NULL, NULL, NULL, NULL, NULL, NULL, NULL, NULL, NULL, NULL, NULL, NULL, NULL, NULL, NULL, NULL, NULL, NULL, NULL, NULL, NULL, NULL, NULL, '2024-12-15 18:25:26', '2024-12-18 18:37:18'),
(198, 'پریا غفاری', 'paryaghafari', 'Parya.ghaffari2881@gemail.com', 0, NULL, 'site', NULL, '$2y$10$3MVIfZZzGuTmMqgjKwjAruvXhEmoL1q60F9ZHcROhProgUVHnpdBe', NULL, NULL, NULL, NULL, NULL, '09025158104', NULL, NULL, NULL, NULL, NULL, 6, NULL, NULL, NULL, NULL, NULL, NULL, NULL, NULL, NULL, NULL, NULL, NULL, NULL, NULL, NULL, NULL, NULL, NULL, NULL, NULL, NULL, NULL, NULL, NULL, '2024-12-16 04:00:23', '2024-12-16 04:00:23'),
(199, 'امیر فرخیان', 'Farokhian', 'frokhian@gmail.com', 0, NULL, 'site', NULL, '$2y$10$a/KCuq.pTaDx9nY02AhgyesSR4dZ3xDjLmsSjm0T.9FfTx/S.g2mW', NULL, NULL, NULL, NULL, NULL, '09100554026', 1, NULL, NULL, NULL, NULL, 6, NULL, NULL, NULL, NULL, NULL, NULL, NULL, NULL, NULL, NULL, NULL, NULL, NULL, NULL, NULL, NULL, NULL, NULL, NULL, NULL, NULL, NULL, NULL, NULL, '2024-12-16 05:49:47', '2024-12-16 05:49:56'),
(200, 'فاطمه ریاحی', 'fatemehriahilaw', 'fatemeh.riahi.law@gmail.com', 0, NULL, 'site', NULL, '$2y$10$oha9UlTm.SXA4XqKKEaEjuYBy3A6ZkzEvSE8mWltu4mRjoIJSKdCW', NULL, NULL, NULL, NULL, NULL, '09126036530', 1, NULL, NULL, NULL, NULL, 4, NULL, NULL, NULL, NULL, NULL, NULL, NULL, NULL, NULL, NULL, NULL, NULL, NULL, NULL, NULL, NULL, NULL, NULL, NULL, NULL, NULL, NULL, NULL, NULL, '2024-12-16 09:16:48', '2025-02-01 05:45:45'),
(201, 'مهسا میرزایی', 'Mahsamirzaeiiii', 'Mahsamirzaeiiii2001@gmail.com', 0, NULL, 'site', 'cd5T2LYoZCkBoZ9kIMGWldCjc1RdEROOFsV1fTrzhczzBD5rrgs1tzNzrssgoalvbdrmsLLp2G2djMsgxzQkWHBQ1AjNkc1l1e6h', '$2y$10$te6YcYPtDqYFdRF0xJPzouWoe9l5KQkuGTwaNvOt7KScY.2L9zvE2', NULL, NULL, NULL, NULL, NULL, '09393170440', 1, NULL, NULL, NULL, NULL, 6, NULL, NULL, NULL, NULL, NULL, NULL, NULL, NULL, NULL, NULL, NULL, NULL, NULL, NULL, NULL, NULL, NULL, NULL, NULL, NULL, NULL, NULL, NULL, NULL, '2024-12-17 16:18:18', '2025-02-07 06:42:04'),
(202, 'سارا سعیدی', 'sara1383', 'sarasaeedi1383@gmail.com', 0, NULL, 'site', 'YdNWoTWVzYeed5DaTz66EBw2Tz4fhXmCmjG0oeFLaPKhay64YATyyePoDpNNL4WwqMq7q6Kqit9t1dYtzMeCWQL2rFzDvewhrluk', '$2y$10$F7gT92GhORag0g.4NltKFuLflCQCldUE1fk4RqvZcdcu/xOe6hTgO', NULL, NULL, NULL, NULL, NULL, '09391432131', 1, NULL, '0150827989', NULL, NULL, 6, NULL, NULL, '1383/12/11', NULL, NULL, NULL, NULL, 'محمد', NULL, NULL, NULL, NULL, NULL, NULL, NULL, NULL, NULL, NULL, NULL, NULL, NULL, NULL, NULL, NULL, '2024-12-18 08:54:00', '2025-02-07 17:05:15'),
(203, 'سیمین اشتیاقی', 'Simin', 'Simineshtiaghi88@gamil.com', 0, NULL, 'site', NULL, '$2y$10$JkF9DWFy.9NU2kCDWEjLu.1FfK9Zxp4ST5BMKMs347r/zFX/2WRKG', NULL, NULL, NULL, NULL, NULL, '09124571957', NULL, NULL, NULL, NULL, NULL, 6, NULL, NULL, NULL, NULL, NULL, NULL, NULL, NULL, NULL, NULL, NULL, NULL, NULL, NULL, NULL, NULL, NULL, NULL, NULL, NULL, NULL, NULL, NULL, NULL, '2024-12-18 12:12:51', '2024-12-18 12:12:51'),
(204, 'سیمین اشتیاقی', 'Simineshtiaghi', 'Simineshtiaghi88@gmail.com', 0, NULL, 'site', NULL, '$2y$10$Au1bVV/U411.KcwBTli8OeJYTRDU/Zfhu9rbrn2w7lPyE59a8ZKMq', NULL, NULL, NULL, NULL, NULL, '09193014143', 1, NULL, '0082859841', NULL, NULL, 6, NULL, NULL, '1367/06/05', NULL, NULL, NULL, NULL, 'مرتضی', NULL, NULL, NULL, NULL, NULL, NULL, NULL, NULL, NULL, NULL, NULL, NULL, NULL, NULL, NULL, NULL, '2024-12-18 14:26:05', '2025-02-06 05:45:01'),
(205, 'نارین سنجابی نژاد', 'snaargoll', 'snaargoll@gmail.com', 0, NULL, 'site', NULL, '$2y$10$896xT3AzONE.Bh.jHDROM.c8n.gh/AMjgIWJ1SR8FG.9gwH1XcxAq', NULL, NULL, NULL, NULL, NULL, '09354714617', 1, NULL, NULL, NULL, NULL, 6, NULL, NULL, NULL, NULL, NULL, NULL, NULL, NULL, NULL, NULL, NULL, NULL, NULL, NULL, NULL, NULL, NULL, NULL, NULL, NULL, NULL, NULL, NULL, NULL, '2024-12-19 10:04:07', '2024-12-19 10:04:19'),
(206, 'اميرحسين رزميار', 'Amirhossin razmyar', 'Amir.933207@gmail.com', 0, NULL, 'site', NULL, '$2y$10$fVH1BFppV/v6Ef6myFOMLOWjMFj4Be7boSGefYUSq1enm3gWLG3pm', NULL, NULL, NULL, NULL, NULL, '09332072828', 1, NULL, NULL, NULL, NULL, 6, NULL, NULL, NULL, NULL, NULL, NULL, NULL, NULL, NULL, NULL, NULL, NULL, NULL, NULL, NULL, NULL, NULL, NULL, NULL, NULL, NULL, NULL, NULL, NULL, '2024-12-19 14:40:27', '2024-12-19 14:40:48'),
(207, 'امیر رضا بیات', 'Amirreza', 'amirbayat8484@gmail.com', 0, NULL, 'site', NULL, '$2y$10$/TBub7w8tsbkFMYm/54VXu7uHW.KiCU6RU0wd6AZ7bOL7/eHCte5m', NULL, NULL, NULL, NULL, NULL, '09368483316', NULL, NULL, NULL, NULL, NULL, 6, NULL, NULL, NULL, NULL, NULL, NULL, NULL, NULL, NULL, NULL, NULL, NULL, NULL, NULL, NULL, NULL, NULL, NULL, NULL, NULL, NULL, NULL, NULL, NULL, '2024-12-28 13:55:49', '2024-12-28 13:55:49'),
(208, 'صبا بقاء', 'Saba', NULL, 0, NULL, 'site', NULL, '$2y$10$9FDGufMm.AWozmZLHmmnf.ZkXQW2YQWhzBKgJl0JkgS.jnwaHcyUe', NULL, NULL, NULL, NULL, NULL, '09931888203', 1, NULL, NULL, NULL, NULL, 6, NULL, NULL, NULL, NULL, NULL, NULL, NULL, NULL, NULL, NULL, NULL, NULL, NULL, NULL, NULL, NULL, NULL, NULL, NULL, NULL, NULL, NULL, NULL, NULL, '2024-12-28 13:56:42', '2024-12-28 13:56:56'),
(209, 'سپیده مختاری', '09212108126', NULL, 0, NULL, 'site', NULL, '$2y$10$inwy2wkZsd1IOd9H83fzueOQTAYeC4DnmPi0mn.NUGFkG3enmgOMy', NULL, NULL, NULL, NULL, NULL, '09212108126', 1, NULL, NULL, NULL, NULL, 6, NULL, NULL, NULL, NULL, NULL, NULL, NULL, NULL, NULL, NULL, NULL, NULL, NULL, NULL, NULL, NULL, NULL, NULL, NULL, NULL, NULL, NULL, NULL, NULL, '2024-12-28 13:59:40', '2024-12-28 14:00:06'),
(210, 'هومن بایرام زاده', 'H39401818', 'konkouriran1@gmail.com', 0, NULL, 'site', NULL, '$2y$10$6mixEjl099N9crn8PBv6zukklmnLgy94idiO1ymqC2LON5jWJzGHK', NULL, NULL, NULL, NULL, NULL, '09195741828', 1, NULL, NULL, NULL, NULL, 6, NULL, NULL, NULL, NULL, NULL, NULL, NULL, NULL, NULL, NULL, NULL, NULL, NULL, NULL, NULL, NULL, NULL, NULL, NULL, NULL, NULL, NULL, NULL, NULL, '2024-12-28 14:07:43', '2024-12-28 14:08:08'),
(211, 'مهدی عزیزی', 'mahdiazizi', 'mahdiazizi9010@gmail.com', 1, NULL, 'site', NULL, '$2y$10$qBeD3g1BaTfh66Bup6nPI.K6u4Yu3Kgc.x2OQgcqWWzca7i7aEuzG', NULL, NULL, NULL, NULL, 'https://lh3.googleusercontent.com/a/ACg8ocLrGFIGFgvOwZ6S-P382Irtsc99jhACLsUGLUvTrRYQl236yQ=s96-c', NULL, NULL, NULL, NULL, NULL, NULL, 6, NULL, NULL, NULL, NULL, NULL, NULL, NULL, NULL, NULL, NULL, NULL, NULL, NULL, NULL, NULL, NULL, NULL, NULL, NULL, NULL, NULL, NULL, NULL, 'XqAm2mvQzI36QbWM3GhOfbQF5pmfUoSqtauRA1hANsvBeHedWoYzze2TQFZ6', '2024-12-28 15:04:57', '2024-12-28 15:04:57'),
(212, 'فاطمه رضایی', '7ff7', 'rezaeif172@gmail.com', 0, NULL, 'site', NULL, '$2y$10$eCo1pXvXPc9lcqzpgkOiWOvpGRq05nc9xw0QMFg/gPuo/MBVRT2Mm', NULL, NULL, NULL, NULL, NULL, '09108558653', 1, NULL, NULL, NULL, NULL, 6, NULL, NULL, NULL, NULL, NULL, NULL, NULL, NULL, NULL, NULL, NULL, NULL, NULL, NULL, NULL, NULL, NULL, NULL, NULL, NULL, NULL, NULL, NULL, NULL, '2024-12-29 03:04:59', '2024-12-29 03:05:21'),
(213, 'سمیرا باقری', 'Samira', 'samira.bagheri2004@gmail.com', 0, NULL, 'site', NULL, '$2y$10$VbA7922yxtaD/O1NzrBjJ.HaG/7TagLW7HZQxQMxnmc.8KTPI.N1K', NULL, NULL, NULL, NULL, NULL, '09039091445', 1, NULL, NULL, NULL, NULL, 6, NULL, NULL, NULL, NULL, NULL, NULL, NULL, NULL, NULL, NULL, NULL, NULL, NULL, NULL, NULL, NULL, NULL, NULL, NULL, NULL, NULL, NULL, NULL, NULL, '2024-12-29 03:23:02', '2024-12-29 03:23:22'),
(214, 'محمد مهدی بابالو نژاد', 'Mkkhjdkdjd', NULL, 0, NULL, 'site', NULL, '$2y$10$645DDbv4FZzGZ0AcHDtWweEDn4ZCJShZDkagMopjpL8oueJY.EbxS', NULL, NULL, NULL, NULL, NULL, '09331791565', 1, NULL, NULL, NULL, NULL, 6, NULL, NULL, NULL, NULL, NULL, NULL, NULL, NULL, NULL, NULL, NULL, NULL, NULL, NULL, NULL, NULL, NULL, NULL, NULL, NULL, NULL, NULL, NULL, NULL, '2024-12-29 03:43:33', '2024-12-29 04:10:58'),
(215, 'محمدرضا حنیفه پور', 'Mohammadreza', 'mohammadrezahanifehpour6@gmail.com', 0, NULL, 'site', NULL, '$2y$10$1/77i4IoGSR4V/A8uo9JkuxiwPnYz5NAeuOH0LwFqez7A/cVH1jpe', NULL, NULL, NULL, NULL, NULL, '09123211203', 1, NULL, NULL, NULL, NULL, 6, NULL, NULL, NULL, NULL, NULL, NULL, NULL, NULL, NULL, NULL, NULL, NULL, NULL, NULL, NULL, NULL, NULL, NULL, NULL, NULL, NULL, NULL, NULL, NULL, '2024-12-29 12:29:53', '2024-12-29 12:30:06'),
(216, 'محمد رضا نجفی', '@Am091924', 'lly273237@gmail.com', 0, NULL, 'site', NULL, '$2y$10$h9cEBx0pKXmWeJ3VU65zCOqmqAr0lgVYbmq3iEa5RcvhcwA8MIGaW', NULL, NULL, NULL, NULL, NULL, '09220356412', 1, NULL, NULL, NULL, NULL, 6, NULL, NULL, NULL, NULL, NULL, NULL, NULL, NULL, NULL, NULL, 1, NULL, NULL, NULL, NULL, NULL, NULL, NULL, NULL, NULL, NULL, NULL, NULL, NULL, '2024-12-30 07:12:41', '2024-12-30 07:33:49'),
(217, 'نگین فولادی', 'Neginfoladi', NULL, 0, NULL, 'site', NULL, '$2y$10$iERU9azlcdVqKmo5Y/1hwO6gULkVd6wXW2sHjJSFQUVtL4PLUZmwO', NULL, NULL, NULL, NULL, NULL, '09197981684', 1, NULL, NULL, NULL, NULL, 6, NULL, NULL, NULL, NULL, NULL, NULL, NULL, NULL, NULL, NULL, NULL, NULL, NULL, NULL, NULL, NULL, NULL, NULL, NULL, NULL, NULL, NULL, NULL, NULL, '2024-12-30 15:59:14', '2024-12-31 03:11:05'),
(218, 'بهار عالی داعی', 'Alidaeibahar', 'Alidaeibahar@gmail.com', 0, NULL, 'site', NULL, '$2y$10$i89RsG2BY.6ijM4Zd7OaiOOJMv6P0Pbn1Hp7yJi1/xnmt2F0SiW4G', NULL, NULL, NULL, NULL, NULL, '09197304137', NULL, NULL, '0150256167', NULL, NULL, 6, NULL, NULL, '1381/08/28', NULL, NULL, NULL, NULL, 'علی', NULL, NULL, NULL, NULL, NULL, NULL, NULL, NULL, NULL, NULL, NULL, NULL, NULL, NULL, NULL, NULL, '2025-01-04 11:06:30', '2025-01-04 11:11:16');
INSERT INTO `users` (`id`, `name`, `username`, `email`, `email_verify`, `email_verified_at`, `level`, `api_token`, `password`, `two_factor_secret`, `two_factor_recovery_codes`, `two_factor_confirmed_at`, `change_password`, `image`, `phone`, `phone_verify`, `telphone`, `national_id`, `user_job`, `marital_status`, `role_id`, `state_id`, `city_id`, `birthday`, `gender`, `age`, `originality`, `postalcode`, `father_name`, `birth_certificate`, `job_title`, `education_id`, `folder_id`, `folder_validity`, `folder_base`, `place_id`, `address`, `social`, `bio`, `google_id`, `google_token`, `google_refresh_token`, `google_expires_in`, `status`, `remember_token`, `created_at`, `updated_at`) VALUES
(219, 'آرینا کورنگی', 'Arinakrg', 'Korangiarina81@gmail.com', 0, NULL, 'site', NULL, '$2y$10$mIKxwLNSLL36rGGaOTw2De2huAA99U5oAUxprcXBgzBDRFRYa/9b.', NULL, NULL, NULL, NULL, NULL, '09362583634', NULL, NULL, NULL, NULL, NULL, 6, NULL, NULL, NULL, NULL, NULL, NULL, NULL, NULL, NULL, NULL, NULL, NULL, NULL, NULL, NULL, NULL, NULL, NULL, NULL, NULL, NULL, NULL, NULL, NULL, '2025-01-06 18:37:14', '2025-01-06 18:37:14'),
(220, 'زهرا خلیلی', 'tarakhalili', 'tarakhalilii@gmail.com', 0, NULL, 'site', NULL, '$2y$10$ysHwWj0ujdHHtJ7zaj98Eeeds8/Qn8J6QMwxMXIXDkDvohkA3rpny', NULL, NULL, NULL, NULL, NULL, '09126904891', 1, NULL, '0110140184', NULL, NULL, NULL, NULL, NULL, '1381/06/16', NULL, NULL, NULL, NULL, 'محسن', NULL, NULL, NULL, NULL, NULL, NULL, NULL, NULL, NULL, NULL, NULL, NULL, NULL, NULL, NULL, NULL, '2025-01-11 15:32:53', '2025-10-21 07:23:53'),
(221, 'صونا بنی عامر', 'Sonabaniamer', 'Sonabaniamer1122@gmail.com', 0, NULL, 'site', NULL, '$2y$10$ziEOxs7bbdDKcT1E25kxq.HBLsDY/G7qTEubwm31tfz6pTfx/Pocq', NULL, NULL, NULL, NULL, NULL, '09124052428', 1, NULL, '0080831524', NULL, NULL, 6, NULL, NULL, '1367/04/01', NULL, NULL, NULL, NULL, 'غلامحسین', NULL, NULL, NULL, NULL, NULL, NULL, NULL, NULL, NULL, NULL, NULL, NULL, NULL, NULL, NULL, NULL, '2025-01-15 16:50:29', '2025-10-19 17:09:40'),
(222, 'ملیکا محسنی', 'Melika', 'melika.mohseni81@gmail.com', 0, NULL, 'site', NULL, '$2y$10$ZsgAD/x/Hx3Q5QOdy/QBWuQphJBTO5Ay494unJR/wB7p6QZbDzlB2', NULL, NULL, NULL, NULL, NULL, '09120580628', NULL, NULL, NULL, NULL, NULL, 6, NULL, NULL, NULL, NULL, NULL, NULL, NULL, NULL, NULL, NULL, NULL, NULL, NULL, NULL, NULL, NULL, NULL, NULL, NULL, NULL, NULL, NULL, NULL, NULL, '2025-01-15 19:02:09', '2025-01-15 19:02:09'),
(223, 'امین زمانی', 'amin', 'aminza1381tabasi@gmail.com', 0, NULL, 'site', 'UzNvusaCS0JpPRCdxdkWNl12Eh5qVO8vlzcUWfXTTdWC2IxJEXBFOobR9BrO63APTonzGNV5lKDYf1graWnFgX95AAnk0aNqLS7l', '$2y$10$N56VzSSYeu1V90z2dy3VsueMoyvXdXfK0teG3el2FDuYAQ8f4QFni', NULL, NULL, NULL, NULL, NULL, '09050474258', 1, NULL, '0830176373', NULL, 'مجرد', 6, NULL, NULL, '1381/03/28', 1, NULL, NULL, NULL, 'هادی', NULL, NULL, NULL, NULL, NULL, NULL, NULL, NULL, NULL, NULL, NULL, NULL, NULL, NULL, NULL, NULL, '2025-01-19 05:07:53', '2025-02-07 06:39:35'),
(224, 'ابوالفضل سبزواری', 'Aaa13844', 'abf8444444@gmail.com', 0, NULL, 'site', NULL, '$2y$10$Xhu0ETK6d6ARyCJNcixWg.cAUDI8Y6.rrTMYYzVmJ67w5TbtmIZrK', NULL, NULL, NULL, NULL, NULL, '09039373203', 1, NULL, '4061531255', NULL, NULL, 6, NULL, NULL, '1384/04/08', NULL, NULL, NULL, NULL, 'محمد حسین', NULL, NULL, NULL, NULL, NULL, NULL, NULL, NULL, NULL, NULL, NULL, NULL, NULL, NULL, NULL, NULL, '2025-01-20 06:27:56', '2025-02-05 16:02:56'),
(225, 'امیرمحمد طربی', 'amir.tarabi', 'amirmohammadtarabi@gmail.com', 0, NULL, 'site', NULL, '$2y$10$5Z9XYXiDCYg0HWhFpwOc/e6yvOf7pD3I5yAwpiTnBag0M1F0Knz8a', NULL, NULL, NULL, NULL, NULL, '09120498711', 1, NULL, '0480708355', NULL, NULL, 6, NULL, NULL, '1374/09/16', NULL, NULL, NULL, NULL, 'محمدعلی', NULL, NULL, NULL, NULL, NULL, NULL, NULL, NULL, NULL, NULL, NULL, NULL, NULL, NULL, NULL, NULL, '2025-01-21 15:06:34', '2025-01-21 15:07:43'),
(226, 'مهدیه علاپور', 'Mahdieh', 'mahdieh.alapour@gmail.com', 1, NULL, 'site', NULL, '$2y$10$RN470WT76yIyHDpZamh04eolpOmtj.oiJTLFTmONLoZ2UWAoKWnj.', NULL, NULL, NULL, NULL, NULL, '09029108116', NULL, NULL, '6580110066', 'دانشجو', 'مجرد', 6, 8, 329, '1377/06/19', 2, NULL, NULL, NULL, 'علی محمد', '6580110066', NULL, 3, NULL, NULL, NULL, 8, NULL, NULL, NULL, NULL, NULL, NULL, NULL, NULL, 'ZiarrMzyWC9caGKHkPnE0QLWkK6wKYCNnNF7yhUOdWy1JxSwyg6YcNCpjEkr', '2025-01-21 15:09:38', '2025-01-24 05:22:25'),
(227, 'محمدرضا  پورغلامعلی', 'Mrp', 'Mr.mrp8089@gmail.com', 0, NULL, 'site', NULL, '$2y$10$zMsUFxGmkxtuJzL/u80/nOv3nrmte9aBWK8xiLoc4wn7KK2JUh8zS', NULL, NULL, NULL, NULL, NULL, '09226187307', NULL, NULL, NULL, NULL, NULL, 6, NULL, NULL, NULL, NULL, NULL, NULL, NULL, NULL, NULL, NULL, NULL, NULL, NULL, NULL, NULL, NULL, NULL, NULL, NULL, NULL, NULL, NULL, NULL, NULL, '2025-01-21 15:37:59', '2025-01-21 15:37:59'),
(228, 'سجاد کامبرانفر', 'kamranifarsajad@gmail.com', 'kamranifarsajad@gmail.com', 0, NULL, 'site', NULL, '$2y$10$9/vkefIO8kl4bQSpXP.cC.yaAab776oJFwz31cVjHGFMnTsBe/2ta', NULL, NULL, NULL, NULL, NULL, '09166737742', 1, NULL, '1850016119', NULL, NULL, 6, NULL, NULL, NULL, NULL, NULL, NULL, NULL, 'رستم', NULL, NULL, NULL, NULL, NULL, NULL, NULL, NULL, NULL, NULL, NULL, NULL, NULL, NULL, NULL, NULL, '2025-01-21 15:58:56', '2025-01-21 16:17:20'),
(229, 'سید روح الله رضوی', 'Razavi', 'S.r.razavi2020@gmail.com', 0, NULL, 'site', NULL, '$2y$10$duZNdZ209GvYHAfl7wWnauHEvKOU1GE7tLE08pJxTrV7LET//SmcK', NULL, NULL, NULL, NULL, NULL, '09152076242', 1, NULL, '0850078751', NULL, 'متاهل', 6, 10, 421, '1371/03/13', 1, NULL, NULL, NULL, 'سید محمد', NULL, NULL, 3, NULL, NULL, NULL, 10, NULL, NULL, NULL, NULL, NULL, NULL, NULL, NULL, NULL, '2025-01-21 17:12:57', '2025-02-07 07:04:45'),
(230, 'محسن امیریان', 'Mohsen70', 'Amirian5justice@gmail.com', 0, NULL, 'site', NULL, '$2y$10$itCMa2osRW7dhoLNc7OiOe.S8oH9xOY3JJCBUCcX41HkNTfRhcubq', NULL, NULL, NULL, NULL, NULL, '09332433140', 1, NULL, '6300005135', 'وکالت', 'مجرد', 4, 25, 1035, '1370/10/23', 1, NULL, NULL, NULL, 'حسین', NULL, '3', 3, 61732, NULL, 1, 25, NULL, NULL, NULL, NULL, NULL, NULL, NULL, NULL, NULL, '2025-01-21 18:06:36', '2025-01-21 18:16:06'),
(231, 'محمد معین تورانی', 'Moein', 'mohammadmoeintourani@gmail.com', 0, NULL, 'site', NULL, '$2y$10$rMeHq/GnDLmumU7dxRW8IeTBV/4DYs60BfUJ4qkCi27M2Ylc3mbnq', NULL, NULL, NULL, NULL, NULL, '09101671042', 1, NULL, '0023237351', NULL, NULL, 6, NULL, NULL, '1379/03/18', NULL, NULL, NULL, NULL, 'لطف الله', NULL, NULL, NULL, NULL, NULL, NULL, NULL, NULL, NULL, NULL, NULL, NULL, NULL, NULL, NULL, NULL, '2025-01-21 23:44:09', '2025-01-21 23:46:31'),
(232, 'آرزو مصطفی زاده', 'mostafazadeh', 'mostafazadeh.74@gmail.com', 0, NULL, 'site', NULL, '$2y$10$iUZRQyu0qeOkC7TnT0dh9O71Ax2Nuo69R3PIB93acASccALfNY2ru', NULL, NULL, NULL, NULL, NULL, '09142714362', 1, NULL, '2741050406', NULL, NULL, 4, NULL, NULL, '1374/09/26', NULL, NULL, NULL, NULL, 'قاسم', NULL, '1', 1, NULL, NULL, 1, NULL, NULL, NULL, NULL, NULL, NULL, NULL, NULL, NULL, NULL, '2025-01-22 02:49:34', '2025-01-22 03:06:44'),
(233, 'حانیه جعفری مقدم', 'Hanieh8081', 'haniehjafari8772@gmail.com', 0, NULL, 'site', NULL, '$2y$10$5fYTwPBllXmvyIxAibwQNegliIaxAcPcudlazIAlvhaMT5/o25Zuy', NULL, NULL, NULL, NULL, NULL, '09231754217', NULL, NULL, NULL, NULL, NULL, 6, NULL, NULL, NULL, NULL, NULL, NULL, NULL, NULL, NULL, NULL, NULL, NULL, NULL, NULL, NULL, NULL, NULL, NULL, NULL, NULL, NULL, NULL, NULL, NULL, '2025-01-22 03:19:57', '2025-01-22 03:19:57'),
(234, 'اميرحسين برومند', 'amirr_boromand', 'amirboromandlaw@gmail.com', 0, NULL, 'site', 'jK7Wm36pMv5XTLeOd7T8ghcnRhdBLFfMwTXg4p9RithdKLH043pBfRtR4gya0iKvk5ZNggeLUAyTkmBwzRo0AYEbeZlUkbOxpLma', '$2y$10$NMbctFt/B95k363oTM/FBeDFefSClaodZnv/cNDWagnVaS//8/2K6', NULL, NULL, NULL, NULL, NULL, '09373420759', 1, NULL, '6020091211', NULL, NULL, 6, NULL, NULL, '1381/02/25', NULL, NULL, NULL, NULL, 'علی', NULL, NULL, NULL, NULL, NULL, NULL, NULL, NULL, NULL, NULL, NULL, NULL, NULL, NULL, NULL, NULL, '2025-01-22 03:41:53', '2025-02-07 06:41:47'),
(235, 'حانیه جعفری مقدم', 'Hani8081', 'haniehjafari1981@gmail.com', 0, NULL, 'site', NULL, '$2y$10$NN9pujy5NwkR2HK89zR/W.BDR1ySgd8DTP7s42ZqjTUO.FxD0Iapu', NULL, NULL, NULL, NULL, NULL, '09231759789', NULL, NULL, '3040613235', NULL, NULL, 6, NULL, NULL, '1381/04/31', NULL, NULL, NULL, NULL, 'حمید', NULL, NULL, NULL, NULL, NULL, NULL, NULL, NULL, NULL, NULL, NULL, NULL, NULL, NULL, NULL, NULL, '2025-01-22 04:17:50', '2025-01-22 17:28:32'),
(236, 'عزت  حلمی', 'Ezzat', 'ezathelmi52@gmail.com', 0, NULL, 'site', NULL, '$2y$10$MUH4TeNCio6QCCYiqttMA.MgJpA3DQe6/cbPUd/Z609sWQC9T1TLG', NULL, NULL, NULL, NULL, NULL, '09153241291', NULL, NULL, NULL, NULL, NULL, 6, NULL, NULL, NULL, NULL, NULL, NULL, NULL, NULL, NULL, NULL, NULL, NULL, NULL, NULL, NULL, NULL, NULL, NULL, NULL, NULL, NULL, NULL, NULL, NULL, '2025-01-22 04:20:47', '2025-01-22 04:20:47'),
(237, 'زهرا كفشگر', 'zahra.kafshgar', 'zahra.kafshgar20@gmail.com', 0, NULL, 'site', NULL, '$2y$10$21Imrfw/6MTSeJuvZ5PkseVLZ6FjL6QHprxW325IW4IGiE25E79ku', NULL, NULL, NULL, NULL, NULL, '09119011945', NULL, NULL, '2064241302', NULL, 'متاهل', 6, 27, 1074, '1363/01/11', 2, NULL, NULL, NULL, 'محمدنبی', NULL, NULL, 3, NULL, NULL, NULL, NULL, NULL, NULL, NULL, NULL, NULL, NULL, NULL, NULL, NULL, '2025-01-22 06:56:13', '2025-01-22 07:31:25'),
(239, 'محمد سجادی', 'Mohammadsjd', 'mohammadsajjadi517@gmail.com', 0, NULL, 'site', NULL, '$2y$10$mg9iwfPFVjCFB3R7vtgIkuuJfb3GWrdTfM1I.QmUXd0DBsxd/cG4S', NULL, NULL, NULL, NULL, NULL, '09918808835', NULL, NULL, NULL, NULL, NULL, 4, NULL, NULL, NULL, NULL, NULL, NULL, NULL, NULL, NULL, NULL, NULL, NULL, NULL, NULL, NULL, NULL, NULL, NULL, NULL, NULL, NULL, NULL, NULL, NULL, '2025-01-22 08:03:39', '2025-01-22 08:03:39'),
(240, 'حسین مرادلو', 'gsdgh', 'moradlohossein@gmail.com', 0, NULL, 'site', NULL, '$2y$10$WCAilzwzjPUNyZ23L9EtDOQDcUCt73XGq5q9QTgKHJRyxOZmXWjhO', NULL, NULL, NULL, NULL, NULL, '09199097383', NULL, NULL, '0022741569', 'کارمند', 'متاهل', 6, 8, 329, NULL, 1, NULL, NULL, NULL, 'حمید', '0022741569', NULL, 3, NULL, NULL, NULL, 8, NULL, NULL, NULL, NULL, NULL, NULL, NULL, NULL, NULL, '2025-01-22 08:26:08', '2025-02-07 05:22:00'),
(241, 'زهرا بکتاش', 'zahra baktash', 'zahra.baktash@gmail.com', 1, NULL, 'site', NULL, '$2y$10$R4d/YrUnRs5X8h08YYgG.OYYdUIgC89LAn3oryHSBsa1QmeIsJgl2', NULL, NULL, NULL, NULL, 'https://lh3.googleusercontent.com/a/ACg8ocLuv34OIAv2YK-u8bK7DYp9toXxTVrP7dMHTALQIGBsW820HhY=s96-c', NULL, NULL, NULL, NULL, NULL, NULL, 6, NULL, NULL, NULL, NULL, NULL, NULL, NULL, NULL, NULL, NULL, NULL, NULL, NULL, NULL, NULL, NULL, NULL, NULL, NULL, NULL, NULL, NULL, NULL, '7FuzeFcNr58DRib7YXPRmkGx2LX9c62wZulHjwp5oEdEPy3K3P6ER9oNaXHp', '2025-01-22 08:48:16', '2025-01-22 08:48:16'),
(242, 'کامبیز قرابکلو زارع', 'Kambiz Gharabakloo Zare', 'kambizghz@gmail.com', 0, NULL, 'site', NULL, '$2y$10$j3M4JyAmlsGui64tsnB5w.WpyqGGksbwxUbvrHAS2m59NbMb1XDDa', NULL, NULL, NULL, NULL, NULL, '09126191861', NULL, NULL, '0079118585', NULL, NULL, 6, NULL, NULL, '1365/01/14', NULL, NULL, NULL, NULL, 'بهزاد', NULL, NULL, NULL, NULL, NULL, NULL, NULL, NULL, NULL, NULL, NULL, NULL, NULL, NULL, NULL, NULL, '2025-01-22 08:48:58', '2025-01-22 08:56:16'),
(243, 'محمد علی لطفی', 'alilotfi', 'lotfi@yahoo.com', 0, NULL, 'site', 'Rvh8GtREs1v1kiwBEpDKKhN0h7fFAPzxoJulLHWECmt1HcgZaaDyVz166EU46zXLcQZzJsqPuTzRp8vScZNkjuFLnaIRmPmXsxMR', '$2y$10$2JWUEfkOXg4vjp00sM9JQOl3kgWeKzPfAFZU5hbNoXOEI2bU9OOdm', NULL, NULL, NULL, NULL, NULL, '09112195339', NULL, NULL, '2560374226', NULL, NULL, NULL, NULL, NULL, '1376/06/24', NULL, NULL, NULL, NULL, 'محمد حسین', NULL, NULL, 1, NULL, NULL, NULL, NULL, NULL, NULL, NULL, NULL, NULL, NULL, NULL, NULL, NULL, '2025-01-22 09:41:38', '2025-05-14 16:53:06'),
(244, 'علی یادگاری شایان', 'Ali1524', 'a.y.ali.yadegary@gmail.com', 0, NULL, 'site', NULL, '$2y$10$NV6TPr6LlwI3/mGBkLYizuxA2cvqlf.v1/OOUIznH6g/JpBtgDye2', NULL, NULL, NULL, NULL, NULL, '09385290947', 1, NULL, '4901516221', NULL, NULL, 6, NULL, NULL, '1384/12/17', NULL, NULL, NULL, NULL, 'یوسف', NULL, NULL, NULL, NULL, NULL, NULL, NULL, NULL, NULL, NULL, NULL, NULL, NULL, NULL, NULL, NULL, '2025-01-22 13:16:19', '2025-02-06 09:19:19'),
(245, 'علی اصغر ایزدیار', 'علی', 'Izadyardaneshjohoghoghkaraj@gmail.com', 0, NULL, 'site', NULL, '$2y$10$jtlk88EB9xSnXaCPsrFmE.C6AWE.s6CQAEKAMh1L.KlsVkEaM10VK', NULL, NULL, NULL, NULL, NULL, '09126646217', 1, NULL, '0322712491', NULL, NULL, 4, NULL, NULL, '1364/02/21', NULL, NULL, NULL, NULL, 'اسمعیل', NULL, NULL, NULL, NULL, NULL, NULL, NULL, NULL, NULL, NULL, NULL, NULL, NULL, NULL, NULL, NULL, '2025-01-22 15:15:32', '2025-01-22 15:18:46'),
(246, 'سحر افلاكي', 'Aflaki 97', 'Sahar.aflaki76@gmail.com', 0, NULL, 'site', NULL, '$2y$10$8l91cJjacZSyKkORZ88qSeD7Feyqf/phE0nD41.Zlp5BZJPaOYPmy', NULL, NULL, NULL, NULL, NULL, '09135700367', 1, NULL, '1272497488', NULL, NULL, 6, NULL, NULL, '1376/06/31', 0, NULL, NULL, NULL, 'عليرضا', NULL, NULL, NULL, NULL, NULL, NULL, NULL, NULL, NULL, NULL, NULL, NULL, NULL, NULL, NULL, NULL, '2025-01-23 00:22:55', '2025-05-30 03:47:34'),
(247, 'سميه پاشامهر', 'sopa', 'mrs.somayeh.pashamehr@gmile.com', 0, NULL, 'site', NULL, '$2y$10$MFwW06P.cH2KC68jvTCBhuAZSOL1NI99eP7Ex9fqdVUcJqQQxtJG6', NULL, NULL, NULL, NULL, NULL, '09128237130', 1, NULL, '0076616681', NULL, NULL, 6, NULL, NULL, '1364/01/18', 0, NULL, NULL, NULL, 'علي', NULL, NULL, NULL, NULL, NULL, NULL, NULL, NULL, NULL, NULL, NULL, NULL, NULL, NULL, NULL, NULL, '2025-01-23 06:12:18', '2025-05-30 03:47:36'),
(248, 'سلمان نجفي كرسامي', 'سلمان نجفی', 'Salmaan.najafi@gmail.com', 0, NULL, 'site', NULL, '$2y$10$f/2pmhiPOfOEcqXBAZKt7eQ/EGxk4hOs/FPVh08uvzDhUEHxMIjsu', NULL, NULL, NULL, NULL, NULL, '09113568451', 1, NULL, '2080009478', NULL, NULL, 4, NULL, NULL, '1368/01/12', 1, NULL, NULL, NULL, 'يعقوب', NULL, NULL, NULL, NULL, NULL, NULL, NULL, NULL, NULL, NULL, NULL, NULL, NULL, NULL, NULL, NULL, '2025-01-23 06:23:15', '2025-05-30 03:47:38'),
(249, 'كامبيز قرابكلوزارع', 'کامبیز ق زارع', 'azvir12@yahoo.com', 0, NULL, 'site', NULL, '$2y$10$CBhwtiWuj796oVLN4sF0OOMfkTEFWySHlvQ4EkIb3mQd59HleZveq', NULL, NULL, NULL, NULL, NULL, '09369880496', 1, '02634352405', '0079118585', NULL, 'متاهل', 6, 5, 248, '1365/01/14', 1, NULL, NULL, NULL, 'بهزاد', '1620', NULL, 3, NULL, NULL, NULL, NULL, NULL, NULL, NULL, NULL, NULL, NULL, NULL, NULL, NULL, '2025-01-23 09:20:24', '2025-05-30 03:47:40'),
(250, 'مهديه مقصودي', 'Mahdieh.Maghsoodi', 'mahdiehmaghsoodi1471@gmail.com', 0, NULL, 'site', NULL, '$2y$10$HOEJV29nVjAs//EnAFUK3OUXxbSHCBdq45NB/QGmbP2Au8mjjxejy', NULL, NULL, NULL, NULL, NULL, '09122572130', 1, NULL, '1229950168', NULL, NULL, 4, NULL, NULL, '1366/11/09', 0, NULL, NULL, NULL, 'جواد', NULL, NULL, NULL, NULL, NULL, NULL, NULL, NULL, NULL, NULL, NULL, NULL, NULL, NULL, NULL, NULL, '2025-01-24 04:15:30', '2025-05-30 03:47:41'),
(251, 'فاطمه باقري', 'fatemeh_bqr', 'baqeri8908541@gmail.com', 0, NULL, 'site', NULL, '$2y$10$CIeUFhuHRh00W0KNlVfXe.UyUcCg9DH17x9mFD0Sph061i.BEJJ3C', NULL, NULL, NULL, NULL, NULL, '09156261747', 1, '05135130668', '0924631678', 'کارآموز وکالت', 'مجرد', 6, 11, 491, '1377/09/15', 0, NULL, NULL, NULL, 'محمدرضا', NULL, NULL, 3, NULL, NULL, NULL, 11, 'مشهد جاهد شهر بوستان 18/9پلاک 9طبقه دو', NULL, NULL, NULL, NULL, NULL, NULL, NULL, NULL, '2025-01-24 12:21:26', '2025-05-30 03:47:43'),
(252, 'عرفان رضائي', 'Erfan1234reza', 'Erezaei197@gmail.com', 0, NULL, 'site', NULL, '$2y$10$nwgFN4NZyAhQFot.nUWAI.YFi05roDBJ9e1/QNhVZSQKJ4Tw8T/jq', NULL, NULL, NULL, NULL, NULL, '09214914174', 1, NULL, '3790489360', NULL, NULL, 6, NULL, NULL, '1380/10/01', 1, NULL, NULL, NULL, 'علي', NULL, NULL, NULL, NULL, NULL, NULL, NULL, NULL, NULL, NULL, NULL, NULL, NULL, NULL, NULL, NULL, '2025-01-26 04:43:34', '2025-05-30 03:47:45'),
(253, 'يگانه مرادي', 'mj@2008262', 'yeganeh.moradi2002@gmail.com', 0, NULL, 'site', NULL, '$2y$10$NkukwBekHtAsK4Kb7EvBb.TExSeOH2Q/Njs9XRlBaEyxqWwlSC6V.', NULL, NULL, NULL, NULL, NULL, '09198690310', 1, NULL, '0110177177', NULL, NULL, 6, NULL, NULL, '1381/09/07', 0, NULL, NULL, NULL, 'مهدي', NULL, NULL, NULL, NULL, NULL, NULL, NULL, NULL, NULL, NULL, NULL, NULL, NULL, NULL, NULL, NULL, '2025-01-30 15:31:56', '2025-05-30 03:47:47'),
(254, 'اميرفؤاد عليمراديان', 'Foad1382', 'amirfoad14.1382@gmail.com', 0, NULL, 'site', 'OBBAW2NampfkfNp9i5yPuKBStVdiRxXHJwcsnkj4D82M2BqlgjOIM0WLJImn54XrRUrC6sLPG2aORM259UUiWXQO8PvAXkqyzORL', '$2y$10$2lT24N2g.6wO21RQMFdzMO3wE3cBrp8siEN8ZqiGCT5VswFKX.YIa', NULL, NULL, NULL, NULL, NULL, '09301801545', NULL, '02140443983', '0250166054', 'کارمند، مشاور حقوقی، کارشناس حقوقی', 'مجرد', 6, 8, 329, '1382/12/21', 1, NULL, NULL, NULL, 'محمدمهدي', '0250166054', NULL, 2, NULL, NULL, NULL, 8, NULL, NULL, NULL, NULL, NULL, NULL, NULL, NULL, NULL, '2025-01-30 18:45:53', '2025-05-30 03:47:49'),
(255, 'مانیا محمدی', 'llmania-m', 'maniamohammadi778@gmail.com', 0, NULL, 'site', NULL, '$2y$10$RaPy6AClHJFJvRVLFImP6eu1ogdM1bFSRwKKyCJEy8W7Q9WR/46ym', NULL, NULL, NULL, NULL, NULL, '09303070122', NULL, NULL, NULL, NULL, NULL, 6, NULL, NULL, NULL, NULL, NULL, NULL, NULL, NULL, NULL, NULL, NULL, NULL, NULL, NULL, NULL, NULL, NULL, NULL, NULL, NULL, NULL, NULL, NULL, NULL, '2025-01-31 04:10:45', '2025-01-31 04:10:45'),
(256, 'محمدعرفان كريم خاني', 'imerphan', 'soltani9876@gmail.com', 0, NULL, 'site', 'cihRP1XNuvSk7SWmiOh3vejj08gzgo3SwY6CLX11qthr8sFC2POmx05vSWWpCf5CgCF3K40H2fjmpGfsvsBNafMaS40smhW48ew3', '$2y$10$sXfDDRtbYKaadlhfFBzN9.sLsoa4KZfcy8AdLiPruStRjC9cbijCK', NULL, NULL, NULL, NULL, NULL, '09197697065', 1, '02144980183', '0150165961', NULL, 'مجرد', 6, 8, 329, '1381/04/27', 1, NULL, NULL, NULL, 'عباس', '0150165961', NULL, 1, NULL, NULL, NULL, 8, 'وردآورد ، خیابان گلزار ، خیابان زندیه ، کوچه انقلاب ، پلاک 23', NULL, NULL, NULL, NULL, NULL, NULL, NULL, NULL, '2025-01-31 10:28:10', '2025-06-07 08:58:17'),
(257, 'آروین قلی وند', 'Elvin', 'elvingholivand@gmail.com', 0, NULL, 'site', 'Gw49Fw5FNSNpZIKbPZ80vvIZfUMTAnKGsdA0tnjxCO5u5ARYWq3vtYMTSo9CSE5ADnIK4ymqd9KoRUFJUI7tPjuE6SN90hQJ2psW', '$2y$10$TBIIvF/5M/hdnNoxDfsC1.QIlTyi9hj9AYSbPNNr6BDlvV7tYM1mS', NULL, NULL, NULL, NULL, NULL, '09377841320', 1, '02146858248', '4901275712', 'مترجم', 'مجرد', 6, 8, 355, NULL, 1, NULL, NULL, NULL, 'عبدالله', '4901275712', NULL, 1, NULL, NULL, NULL, 8, 'شهرقدس، خیابان خاکسار', NULL, NULL, NULL, NULL, NULL, NULL, NULL, NULL, '2025-01-31 14:55:01', '2025-02-07 06:45:02'),
(258, 'عارف مسيب زاده', 'Aref.mos', 'arefmosayeb26@gmail.com', 0, NULL, 'site', NULL, '$2y$10$eFFQfyswbsrMtUkqCAF2iO2T.pnydGsjlrFgNPSKB4SceVKsHPZ9O', NULL, NULL, NULL, NULL, NULL, '09396174657', 1, NULL, '6040059109', NULL, NULL, 4, NULL, NULL, '1377/12/12', 1, NULL, NULL, NULL, 'مطلب', NULL, NULL, NULL, NULL, NULL, NULL, NULL, NULL, NULL, NULL, NULL, NULL, NULL, NULL, NULL, NULL, '2025-01-31 16:02:58', '2025-05-30 03:47:52'),
(259, 'جلال الدین قلخانی', 'حقوقی', NULL, 0, NULL, 'site', NULL, '$2y$10$hNRFctppaUhA/x2K7tlDmO5.PPFqLm3/VHo/X0KMr69RDeek/M87.', NULL, NULL, NULL, NULL, NULL, '09128668982', 1, NULL, NULL, NULL, NULL, 4, NULL, NULL, NULL, NULL, NULL, NULL, NULL, NULL, NULL, NULL, NULL, NULL, NULL, NULL, NULL, NULL, NULL, NULL, NULL, NULL, NULL, NULL, NULL, NULL, '2025-02-04 05:38:38', '2025-02-04 05:39:02'),
(260, 'مليكا ياسائي', 'meli', 'ymelika321@gmail.com', 0, NULL, 'site', NULL, '$2y$10$pNHQntSgl4RrFMgwfGVqgOfJ5l3wUNpnvtrTYbEbZEnKduyIicMje', NULL, NULL, NULL, NULL, NULL, '09929998212', 1, NULL, '0025418300', NULL, NULL, 6, 8, 329, '1382/01/02', 0, NULL, NULL, NULL, 'حميدرضا', NULL, NULL, 1, NULL, NULL, NULL, 8, NULL, NULL, NULL, NULL, NULL, NULL, NULL, NULL, NULL, '2025-02-05 06:34:36', '2025-05-30 03:47:54'),
(262, 'كوثر شيرگير', 'Helenashirgir', 'Shirgireajirlohlna@gmail.com', 0, NULL, 'site', NULL, '$2y$10$GN8UwHbNslAwvc.zW.0wuOq6LGTAbk.0K/LIBW1Le6HNUvpoLBC5a', NULL, NULL, NULL, NULL, NULL, '09223035741', NULL, NULL, NULL, NULL, NULL, 6, NULL, NULL, NULL, NULL, NULL, NULL, NULL, NULL, NULL, NULL, NULL, NULL, NULL, NULL, NULL, NULL, NULL, NULL, NULL, NULL, NULL, NULL, NULL, NULL, '2025-02-06 07:36:59', '2025-02-06 07:36:59'),
(275, 'احسان كهن راز', NULL, NULL, 0, NULL, 'site', 'itsgnuWfARcfOWhYXSq6r5LQVe3Kcupt030NAzUm35RRXDLBZVGjPnyZgXNgXOMACicHsFcFPtGkoF3mirVkOeTwAQGfy5f0b4SJ', '$2y$10$6T6B3eycXYmDFIScMQqJbeOWo/QrgPx1YQGBsVKmqSWhyeIXY/nO2', NULL, NULL, NULL, NULL, NULL, '09966260383', NULL, NULL, '0521608163', NULL, NULL, 5, NULL, NULL, '1383/11/19', 1, NULL, NULL, NULL, 'اميد', NULL, NULL, NULL, NULL, NULL, NULL, NULL, NULL, NULL, NULL, NULL, NULL, NULL, NULL, NULL, NULL, '2025-02-07 03:54:12', '2025-05-30 03:47:56'),
(276, 'حسين يوسف خزرائي', NULL, NULL, 0, NULL, 'site', 'mpy9374J6EPk4iG2Ft7edAH55CRGA4LUOLeq51XQKAvzxnzreMD0jT3lEDK1fJUOhS2CIJVAMOYLFmr5QAqssqRCjRFCcD1o3rc0', '$2y$10$.kqbq08roxJvXMGGYITtVOOZ2Lv3hi1KUtuP1FVOMkDdUZEj7iIsW', NULL, NULL, NULL, NULL, NULL, '09123234410', 1, '02144543200', '2709269023', NULL, 'متاهل', 5, NULL, 329, '1344/12/20', 1, NULL, NULL, NULL, 'حسن', NULL, NULL, NULL, NULL, NULL, NULL, NULL, NULL, NULL, NULL, NULL, NULL, NULL, NULL, NULL, NULL, '2025-02-07 06:40:38', '2025-05-30 03:47:58'),
(278, 'حامد فاطمی', 'Fatemi', NULL, 0, NULL, 'site', NULL, '$2y$10$5RfHVHSt5aw8Zx3WhiC5QehC3sl.3dDRLi/.Y5/nLBrURsBmqNAFO', NULL, NULL, NULL, NULL, NULL, '09126708019', 1, NULL, NULL, NULL, NULL, 4, NULL, NULL, NULL, NULL, NULL, NULL, NULL, NULL, NULL, NULL, NULL, NULL, NULL, NULL, NULL, NULL, NULL, NULL, NULL, NULL, NULL, NULL, NULL, NULL, '2025-02-09 18:29:05', '2025-02-09 18:29:30'),
(279, 'مسعود دیوان بیگی', NULL, NULL, 0, NULL, 'site', '5tpUKp9hqGrWmp3ACKpDmngVzwUkQIKy4Gh2ChGsEP8UnxNEfGeqxDOR7M5bNkREMpiXjzcKRkfAjsDBr0Yy9sf9FgR6StA1qA7m', '$2y$10$MoFg/5/y0ufGCsXAmsfSuu5KhDKWylcXjgdTK4VoKBy3kp29ly.sC', NULL, NULL, NULL, NULL, NULL, '09137844662', 1, NULL, NULL, NULL, NULL, 4, NULL, NULL, NULL, NULL, NULL, NULL, NULL, NULL, NULL, NULL, NULL, NULL, NULL, NULL, NULL, NULL, NULL, NULL, NULL, NULL, NULL, NULL, NULL, NULL, '2025-02-14 08:03:48', '2025-02-20 14:47:03'),
(280, 'امیرفرزام رادفر', NULL, NULL, 0, NULL, 'site', 'QzLrsPTk6yCRVromO6B18VhUol1our8AMagMeXM6a9Ug3Uar9GOda5CEkNalag77MakZNWcpuULWXPlB5EDozCOgFY2VfOsSKMa2', '$2y$10$wm61aVJdTEAU4/q3wNGpBeev5mtj6xnprEVypLNMj.FX2Dp5DUXnC', NULL, NULL, NULL, NULL, NULL, '09912507658', 1, NULL, NULL, NULL, NULL, 6, NULL, NULL, NULL, NULL, NULL, NULL, NULL, NULL, NULL, NULL, NULL, NULL, NULL, NULL, NULL, NULL, NULL, NULL, NULL, NULL, NULL, NULL, NULL, NULL, '2025-02-14 14:10:51', '2025-02-14 14:11:04'),
(281, 'ابوذر حسن زاده', NULL, NULL, 0, NULL, 'site', 'fPgfyi7GDzFTdqPp9HFIfi8pqexerjsP5NYjds5VHGDKEMv0wsrSOTSNF3wJiZ7DJ33PpiSofkBBZCO3kOzQu7hTaZH7yt7J56aV', '$2y$10$oTGPMiKY8j2qt4R3kKQc0uYyhOhVKSkemnjRV6xxvF2xJzw0ThtSW', NULL, NULL, NULL, NULL, NULL, '09121504881', 1, NULL, NULL, NULL, NULL, 4, NULL, NULL, NULL, NULL, NULL, NULL, NULL, NULL, NULL, NULL, NULL, NULL, NULL, NULL, NULL, NULL, NULL, NULL, NULL, NULL, NULL, NULL, NULL, NULL, '2025-02-14 14:27:51', '2025-02-14 14:28:12'),
(282, 'نوید مضروب سمنانی', NULL, NULL, 0, NULL, 'site', 'yLIlgtyyD5plFjGBsE4Py2ozIgAiE9ZWvStqAFLdrc1HrD7NMFDqYa4gNhnVqJydRIGVg4H2XyAgDjskIxyFvThh58MAggUBpDVu', '$2y$10$T14s.JmR3UncITNPuvqeB.8hTd77XYUPfJGEuoG0p8nAkraSstVxa', NULL, NULL, NULL, NULL, NULL, '09128152545', 1, NULL, NULL, NULL, NULL, 4, NULL, NULL, NULL, NULL, NULL, NULL, NULL, NULL, NULL, NULL, NULL, NULL, NULL, NULL, NULL, NULL, NULL, NULL, NULL, NULL, NULL, NULL, NULL, NULL, '2025-02-14 15:45:15', '2025-02-14 15:45:36'),
(283, 'محسن کریم‌پور', NULL, NULL, 0, NULL, 'site', '9WfmnB9l8d8ITxrilZqK4xDv3IWZEDvo2NYTVk5LErieJNKgKWvofxj9xJHEXymRvYnrUddr1vtVfZcvnV5RWJtkDP1vBzzmWajK', '$2y$10$z4sOvFw5hXi0b816aJE0fu1EJyuqTWVD134zFtYUFZiB50cH6ocnO', NULL, NULL, NULL, NULL, NULL, '09384900887', 1, NULL, NULL, NULL, NULL, 6, NULL, NULL, NULL, NULL, NULL, NULL, NULL, NULL, NULL, NULL, NULL, NULL, NULL, NULL, NULL, NULL, NULL, NULL, NULL, NULL, NULL, NULL, NULL, NULL, '2025-02-14 21:38:58', '2025-02-14 21:39:07'),
(284, 'سمیه مرشد', NULL, NULL, 0, NULL, 'site', 'ecF777sBWCvSHdJlBDgTHdQdRTFj2rX38WcS3YOy15p3pHVqk8O60qv1fwNNzdp1msqnl4peRnzWiC3uOB7O5v04gav9RshwLkIk', '$2y$10$As/z2bSJ8Yn4aM5KTy3F8OPqgXTN4NWvqKpX8Wf2XR6c/pnAUc6..', NULL, NULL, NULL, NULL, NULL, '09101419989', 1, NULL, NULL, NULL, NULL, 4, NULL, NULL, NULL, NULL, NULL, NULL, NULL, NULL, NULL, NULL, NULL, NULL, NULL, NULL, NULL, NULL, NULL, NULL, NULL, NULL, NULL, NULL, NULL, NULL, '2025-02-15 00:50:24', '2025-02-15 00:50:45'),
(285, 'امین', NULL, NULL, 0, NULL, 'site', 'JTwmgpbUBAXuQt7nYO9gRjRwQ3md5qgambHUkJe32opOJnyKOoSzz1wAtdxqnlVHSwLs5MUmBgqUUieVocxQRisiIhdiAwzm1w36', '$2y$10$unGMl5dYnAI1V2hn5D.Vt.L77.vcBSN2myqZ6cMyfF5Eh9tC2HODi', NULL, NULL, NULL, NULL, NULL, '09331266927', NULL, NULL, NULL, NULL, NULL, 6, NULL, NULL, NULL, NULL, NULL, NULL, NULL, NULL, NULL, NULL, NULL, NULL, NULL, NULL, NULL, NULL, NULL, NULL, NULL, NULL, NULL, NULL, NULL, NULL, '2025-02-15 04:28:38', '2025-02-15 04:29:14'),
(286, 'م.ف', NULL, NULL, 0, NULL, 'site', 'w6kHGOlah6o4MISg2MXI8mPV1jwd9dK0kU5vqAkMsslnGGLDlh2el18k4PEuVCb3j0fUhW28tjoffT0atlEJ61YXFxzbSVvGaW53', '$2y$10$mRjjLTitY8ib/62d5xhVRuQZWqC.b/c7wqxwfoi73AsnHnjmq3p7a', NULL, NULL, NULL, NULL, NULL, '09120187386', 1, NULL, NULL, NULL, NULL, 4, NULL, NULL, NULL, NULL, NULL, NULL, NULL, NULL, NULL, NULL, NULL, NULL, NULL, NULL, NULL, NULL, NULL, NULL, NULL, NULL, NULL, NULL, NULL, NULL, '2025-02-15 06:49:27', '2025-02-15 06:49:41'),
(287, 'احمد شاكراردكاني', 'ahmad shaker ardakani', 'ahmad.shaker1361@gmail.com', 1, NULL, 'site', NULL, '$2y$10$8VwjcHqMcpwKq.r9484GZ.HetDLDcC/d2Huh74i5qC9xRW9d4DAiC', NULL, NULL, NULL, NULL, 'https://lh3.googleusercontent.com/a/ACg8ocIIMh5hOtyEOjLGEA_-gGUg0Lc0oxjYYzUJ80QSe1Nny1uIPCI=s96-c', NULL, NULL, NULL, '4449279921', NULL, NULL, 6, NULL, NULL, '1361/06/20', 1, NULL, NULL, NULL, 'عباسعلي', NULL, NULL, NULL, NULL, NULL, NULL, NULL, NULL, NULL, NULL, NULL, NULL, NULL, NULL, NULL, 'T974XFh8p62qKRA1hkvLewnCBbcrYTH9SH2GnPdPHVxRgx5uAdlTzOrLmL34', '2025-02-16 04:59:59', '2025-05-30 03:48:00'),
(288, 'احمد شاكراردكاني', 'ahmad12998', 'ahmad.architect@yahoo.com', 0, NULL, 'site', NULL, '$2y$10$62JGoBR7ncbed2qy7DYjAuPyuB0JpkFgWaUYSbw45bszgjltqOFYS', NULL, NULL, NULL, NULL, NULL, '09131582062', 1, NULL, '4449279921', NULL, NULL, 6, NULL, NULL, '1361/06/20', 1, NULL, NULL, NULL, 'عباسعلي', NULL, NULL, NULL, NULL, NULL, NULL, NULL, NULL, NULL, NULL, NULL, NULL, NULL, NULL, NULL, NULL, '2025-02-16 05:46:34', '2025-05-30 03:48:02'),
(289, 'یحیی ابراهیمی', NULL, NULL, 0, NULL, 'site', 'eKB9DjESaZ8CjNJj3aakoko1layF74k3XDC7XUkVR9l2cbOVUx4K9Y112Cu0RbsWQX7DvriZ8pcjCh9bZPTeKqraANrRMepDewKc', '$2y$10$r/oNFFULHRhZY2DFwjvZZeTtfoD9mk4gX9yO6uRmuAiud8H4yhT/G', NULL, NULL, NULL, NULL, NULL, '09183102446', NULL, NULL, NULL, NULL, 'متاهل', 6, NULL, 329, '1354/01/01', 1, NULL, NULL, NULL, NULL, NULL, NULL, NULL, NULL, NULL, NULL, NULL, NULL, NULL, NULL, NULL, NULL, NULL, NULL, NULL, NULL, '2025-02-16 14:27:52', '2025-02-16 14:36:12'),
(290, 'محمود باقری', NULL, NULL, 0, NULL, 'site', 'RPijhnkkh5FN4KkdGGut2EPXKdCS6eoKk3Ax6CO8tT1lamrC6tGmaAFG9ozgkHEenBUn08xqgSGN3cGKeaOK21C6bOKPbDpCATAm', '$2y$10$qpl8jzF8qeeqvd4UzAgWL.l/7ykC3s5zYlG3hSAUNrbzT0nGlIzHu', NULL, NULL, NULL, NULL, NULL, '09121083189', 1, NULL, NULL, NULL, NULL, 4, NULL, NULL, NULL, NULL, NULL, NULL, NULL, NULL, NULL, NULL, NULL, NULL, NULL, NULL, NULL, NULL, NULL, NULL, NULL, NULL, NULL, NULL, NULL, NULL, '2025-02-16 14:45:09', '2025-02-16 14:45:40'),
(291, 'اميرعلي عبدي نژادطارمسري', 'iran217', 'amirali.abdinejad1383@gmail.com', 0, NULL, 'site', NULL, '$2y$10$p7fJhdp2Z3TyQmlNFJ07IeoP79iFufQUuyisLaorrp.ulPEHcr5be', NULL, NULL, NULL, NULL, NULL, '09908509982', 1, NULL, '2581591242', NULL, NULL, 6, NULL, NULL, '1383/01/04', 1, NULL, NULL, NULL, 'اسمعيل', NULL, NULL, 1, NULL, NULL, NULL, NULL, NULL, NULL, NULL, NULL, NULL, NULL, NULL, NULL, NULL, '2025-02-17 15:58:28', '2025-05-30 03:48:04'),
(292, 'علی توحیدی', NULL, NULL, 0, NULL, 'site', 'xH7W0PENCI3TIS1SKBbmYFyffbnizqn0v2Rq1Imaeb7ySfXlTZe1SO1zG0xdsBdYPXS4ZySBVLS7WpbPeUo5gjqdt1ppkcQbtQOz', '$2y$10$VHVMhGBahMLOLdR1Cp8cAO1ORsg/hQZLAQma48rnqCDOATCgaZfne', NULL, NULL, NULL, NULL, NULL, '09207897890', 1, '02166666666', NULL, NULL, 'مجرد', 4, 1, 1, '1404/02/29', 1, NULL, NULL, NULL, 'نام پدر', NULL, NULL, NULL, NULL, NULL, NULL, NULL, NULL, NULL, NULL, NULL, NULL, NULL, NULL, NULL, NULL, '2025-02-26 01:46:09', '2025-05-19 14:01:34'),
(294, 'یاسر', NULL, NULL, 0, NULL, 'site', 'bTaHwJ1noTPhHIaH2mla9o6mr8KiNkWHcOXAnM8FPb2eUuUmf4ko2WUC0tY3XKMGhplSQF97OqbCABjs3MGP32mqusTtvai1r6HA', '$2y$10$pdiKd1GOagsQxukwX/52WuYs/ERZ7egrZsMmtd.P3YJWzkxwl5B56', NULL, NULL, NULL, NULL, NULL, '09190866706', 1, NULL, NULL, NULL, NULL, 4, NULL, NULL, NULL, NULL, NULL, NULL, NULL, NULL, NULL, NULL, NULL, NULL, NULL, NULL, NULL, NULL, NULL, NULL, NULL, NULL, NULL, NULL, NULL, NULL, '2025-03-03 07:25:26', '2025-03-03 07:25:44'),
(295, 'حسين متقي فر', NULL, NULL, 0, NULL, 'site', 'e5i2gPtC2JDdkcOomZkOnbqL3XnAZkR9pqZylOKQs4vMXKs4O881EBODzgP2l2XEhhnlio0sTDzcctBOmnoDoakyS3MC6QQ0DxvG', '$2y$10$5eGyQaFQSuZuqr9jkXrOXeII8Dpqg3FmlL.ayBP0Rg3N7j1vUqTq.', NULL, NULL, NULL, NULL, NULL, '09213751986', 1, NULL, '0013726846', NULL, 'متاهل', 4, NULL, NULL, '1370/05/02', 1, NULL, NULL, NULL, 'مجيد', NULL, NULL, NULL, NULL, NULL, NULL, NULL, NULL, NULL, NULL, NULL, NULL, NULL, NULL, NULL, NULL, '2025-04-08 05:39:11', '2025-10-24 12:19:07'),
(296, 'حسین زمانی', NULL, NULL, 0, NULL, 'site', 'KZXEoiTrXyZ0KDQWM58ownxJVVNnoppp3twmrd4JYZOwfriX9LuaTpP7sFQp5BhdNNrVC8u4kNCYVTuQmAASEdoRQ4CwgywW9lFH', '$2y$10$kHXp.7Si3vRnl0pDw5VokudOenqjTZKuDiaywxmZ.gQV7vYh0H00G', NULL, NULL, NULL, NULL, NULL, '09127431697', 1, NULL, NULL, NULL, 'متاهل', 2, 8, 329, NULL, 1, NULL, NULL, NULL, NULL, NULL, NULL, NULL, NULL, NULL, NULL, NULL, NULL, NULL, NULL, NULL, NULL, NULL, NULL, NULL, NULL, '2025-04-13 08:13:07', '2025-04-13 08:14:20'),
(297, 'مسعود غضنفریان', 'Masoud', NULL, 0, NULL, 'site', NULL, '$2y$10$CEl1R7L0LCqTjtPpBposr.27mPL9Modj.r0/EpHirG/L8WPexScMC', NULL, NULL, NULL, NULL, NULL, '09122417974', 1, NULL, NULL, NULL, NULL, 6, NULL, NULL, NULL, NULL, NULL, NULL, NULL, NULL, NULL, NULL, NULL, NULL, NULL, NULL, NULL, NULL, NULL, NULL, NULL, NULL, NULL, NULL, NULL, NULL, '2025-04-16 01:20:00', '2025-04-16 01:20:20'),
(298, 'ازاده خالقی', 'azadekhaleghi', NULL, 0, NULL, 'site', NULL, '$2y$10$Hk2w1JqAWOVR0vH3qWlmL.buQjj8XFEnUWrWXLEBEu7Sko53MOerG', NULL, NULL, NULL, NULL, NULL, '09366957229', 1, NULL, NULL, NULL, NULL, 4, NULL, NULL, NULL, NULL, NULL, NULL, NULL, NULL, NULL, NULL, NULL, NULL, NULL, NULL, NULL, NULL, NULL, NULL, NULL, NULL, NULL, NULL, NULL, NULL, '2025-04-21 01:12:12', '2025-04-21 01:12:24'),
(299, 'سیدمحمدقهاری', 'Mohammad383', NULL, 0, NULL, 'site', NULL, '$2y$10$QpLyHDoNU6ne.36gvKugYukWfkySCm/O8iOUm2YPkfoC622yw469a', NULL, NULL, NULL, NULL, NULL, '09912115154', NULL, NULL, NULL, NULL, NULL, 5, NULL, NULL, NULL, NULL, NULL, NULL, NULL, NULL, NULL, NULL, NULL, NULL, NULL, NULL, NULL, NULL, NULL, NULL, NULL, NULL, NULL, NULL, NULL, NULL, '2025-04-26 09:15:38', '2025-04-26 09:15:38'),
(300, 'سیده ساغرعزیزی', 'Saghar Azizi', NULL, 0, NULL, 'site', NULL, '$2y$10$6xrG5U22zjYMpeBf1HFYDeKpNRFzYUp.9HRmL5z6fYq7L7a8UfjTm', NULL, NULL, NULL, NULL, NULL, '09125085659', 1, NULL, NULL, NULL, NULL, 6, NULL, NULL, NULL, NULL, NULL, NULL, NULL, NULL, NULL, NULL, NULL, NULL, NULL, NULL, NULL, NULL, NULL, NULL, NULL, NULL, NULL, NULL, NULL, NULL, '2025-05-01 08:40:55', '2025-05-01 08:41:27'),
(317, 'مهدي علي اكبرزاده', 'mahdi.aliakbarzadeh@gmail.com', 'mahdi.aliakbarzadeh@gmail.com', 0, NULL, 'admin', 's9OpOqJS7QAvdTtYWptqpw5h0hlwHjrFOi7vIT2TmKxB6qJ0CXB1pdyeu1QOx0jQeKHFrbNOw4HWid1pli6aWS0wmljyWKo7YK5U', '$2y$10$9rROnJBd3d4gxmf3HvJ9O.A9vFTorSW6OBcpHZFxetE39od2ParWK', NULL, NULL, NULL, NULL, NULL, '09124889431', 1, NULL, '1271252491', NULL, NULL, 1, 4, NULL, '۱۴۰۴/۰۷/۲۴', 1, NULL, NULL, NULL, 'حسين', NULL, NULL, NULL, NULL, NULL, NULL, NULL, NULL, NULL, NULL, NULL, NULL, NULL, NULL, NULL, NULL, '2025-05-18 13:03:40', '2025-10-22 10:56:13'),
(320, NULL, NULL, NULL, 0, NULL, 'site', 'L5TNeLvbtwWxWcuWMykfctJVlywoSS3NJIC3YXeHQATyxpQMZiaUp5VYJNPJhoD2CPZa4uWge5K4To3dDtJWGIdMYwHI0m1nMErm', NULL, NULL, NULL, NULL, NULL, NULL, '09127332370', 1, NULL, '0015791815', NULL, NULL, 4, NULL, NULL, '1389/03/07', NULL, NULL, NULL, NULL, NULL, NULL, NULL, NULL, NULL, NULL, NULL, NULL, NULL, NULL, NULL, NULL, NULL, NULL, NULL, NULL, NULL, '2025-05-28 04:08:45', '2025-05-30 03:48:08'),
(330, NULL, NULL, NULL, 0, NULL, 'site', '2MPRQkfmyaq2CUq4LNNlqUkN429UudvLdOwp9y87naOGGQO8aUwhaNUFroHxrgD77o85ATsqAe0ja2PBc7DBRwApVKJFQlXtSo3y', '$2y$10$Zi/R/Dp3Drpqs.NIaw.2qusAX6ZIXucSVd20c6IJ4vgDQDO7vS7Ja', NULL, NULL, NULL, NULL, NULL, '09197341538', 1, NULL, '4560178811', NULL, NULL, 4, NULL, NULL, '1375/11/01', NULL, NULL, NULL, NULL, NULL, NULL, NULL, NULL, NULL, NULL, NULL, NULL, NULL, NULL, NULL, NULL, NULL, NULL, NULL, NULL, NULL, '2025-09-09 10:48:04', '2025-09-09 10:49:04'),
(331, NULL, NULL, NULL, 0, NULL, 'site', 'jM0tZuvXYGGEgMENxlJcTwkxl2IaBW4SSrhmnIumFHKMvpZmsqY2GjxWbsSZUeYbvvcnDer2Gdt25AvGeYYAVwfNRC8SjkmkXT9e', NULL, NULL, NULL, NULL, NULL, NULL, '09124419770', 1, NULL, '4280719985', NULL, NULL, NULL, NULL, NULL, '3005/13/43', NULL, NULL, NULL, NULL, NULL, NULL, NULL, NULL, NULL, NULL, NULL, NULL, NULL, NULL, NULL, NULL, NULL, NULL, NULL, NULL, NULL, '2025-09-12 20:20:24', '2025-09-12 20:20:54'),
(341, 'امیر تست', NULL, 'test@gmail.com', 0, NULL, 'site', 'hYfIn6flR6WoFJCWHfHfgZxj4aFrOpm5ktEQJoou0iSYx13OZtHwvudewoLZFU8oWFC4QfWVsDMG18pqJPPuZGQu2MmAnrGTKCzd', '$2y$10$5.i3eWFeTF6966l9cZrEeerE6iHvTmpdTzxFWk7CCEN9XrD85yZrS', NULL, NULL, NULL, NULL, NULL, '09153803607', 1, NULL, '2981145312', NULL, NULL, 1, NULL, NULL, '1378/12/18', NULL, NULL, NULL, NULL, NULL, NULL, NULL, NULL, NULL, NULL, NULL, NULL, NULL, NULL, NULL, NULL, NULL, NULL, NULL, NULL, NULL, '2025-09-14 16:26:57', '2025-10-03 14:22:39'),
(342, 'پریسا همایونی یگانه', NULL, 'mohammadkarizma7513@gmail.com', 0, NULL, 'site', 'FraKvcbpiXC85lKfroRxWDCHMX5CTYeWtUun8SyIEmSPwEoHqY1mf1B0FoF6JFoZgidEsqdfhNDosKl3PP7tho3cbwQ0EFKj0Z6A', NULL, NULL, NULL, NULL, NULL, NULL, '09387182546', 1, '35130099', '0929746201', 'ازاد', 'مجرد', NULL, 11, 491, '1385/.1/.5', 2, NULL, NULL, NULL, 'محمد', '39765432د', NULL, 1, NULL, NULL, NULL, 11, 'توس 65 نجف 25 جوادی 5 پلاک 115', NULL, NULL, NULL, NULL, NULL, NULL, NULL, NULL, '2025-09-14 16:54:05', '2025-09-14 17:05:51'),
(343, NULL, NULL, NULL, 0, NULL, 'site', 'pGWfR9Q0s3FrH2qPqpHF5cK97kOcZ1Wk3ngCCcXQsSk1E9uFRBPp80rR73ANNEcjnDycr9G8E4G6Zj37TgMG0Wfuz4zFYHBng0En', '$2y$10$20KTP.9IoEOqPbfNBOYjDerHwM6RQQDSu2VMP4qel2xN2WVhJ0Cl.', NULL, NULL, NULL, NULL, NULL, '09398478923', 1, NULL, '0371089336', NULL, NULL, 5, NULL, NULL, '1373/06/05', NULL, NULL, NULL, NULL, NULL, NULL, NULL, NULL, NULL, NULL, NULL, NULL, NULL, NULL, NULL, NULL, NULL, NULL, NULL, NULL, NULL, '2025-09-21 17:39:11', '2025-09-21 17:39:42'),
(346, NULL, NULL, 'mohammadpour.02@gmail.com', 0, NULL, 'site', '329TESR68vxyhZOeNuOVJR14l3ZZVILaMI9O6GaH9V78eUo3xfkm5Ne5j1jayzb1PXe27lOJo3ZwgJ5xDdcHkl3llKm14mbsoReN', '$2y$10$1EHipEf0T4rR6y.ooEkd1.wMY/3gKnFPgio4ike1qRw3aCgD9XZ/a', NULL, NULL, NULL, NULL, NULL, '09101054987', 1, NULL, '4200627711', NULL, 'مجرد', NULL, 8, 329, '۱۳۸۳/۰۴/۱۴', 2, NULL, NULL, NULL, 'عباس', NULL, NULL, NULL, NULL, NULL, NULL, NULL, NULL, NULL, NULL, NULL, NULL, NULL, NULL, NULL, NULL, '2025-10-09 13:33:05', '2025-10-09 13:45:22'),
(347, 'Kosarmohammadpour.83', 'Kosarmohammadpour.83', 'kosarmohammadpour.02@gmail.com', 1, NULL, 'site', NULL, '$2y$10$/1P2zsRO1u9WD9IMC.qQIuUqJ42bkdZV81GuQYuUoGm5ZQ01M/NOS', NULL, NULL, NULL, NULL, 'https://lh3.googleusercontent.com/a/ACg8ocKKjNLVM0rdh_Rq8xfD7d9G1wnDRLrfGfCFmRdjlQaH5bO2EA=s96-c', '09964135909', NULL, '09964135909', '4200627711', NULL, NULL, 6, 8, NULL, '1383/04/14', NULL, NULL, NULL, NULL, 'عباس', NULL, NULL, 1, NULL, NULL, NULL, NULL, 'خیابان ایران خیابان فیاض بخش خیابان حقگو خیابان شفیعی کوچه خراسانی پلاک ۶ واحد ۱۳ بلوک ۲', NULL, NULL, NULL, NULL, NULL, NULL, NULL, 'PyiGdqNGImBRDoU1JnfXtUdhv1qmmsCNAN9oLEvJowdlqpB1zUHnnVqFDbvj', '2025-10-09 16:33:28', '2025-10-18 15:11:20'),
(349, NULL, NULL, NULL, 0, NULL, 'site', '9LFDITKnw6OcZnitL8nobxTo2Qx1Dhko5ajFUSqhTTP17WU2Sn9Cy74Ts7BRfUoniXBH6smngUj6F9AJc3f4NUsEAbzDIwGj0JUc', '$2y$10$rU54aUopn.qEAePa6fVkp.i/zJeF8qeto4wkMzvJrcPcmAw4Eo.dy', NULL, NULL, NULL, NULL, NULL, '09044748752', 1, NULL, '4901355198', NULL, NULL, NULL, NULL, NULL, '۱۳۸۳/۱۲/۰۶', NULL, NULL, NULL, NULL, 'علی رضا', NULL, NULL, NULL, NULL, NULL, NULL, NULL, NULL, NULL, NULL, NULL, NULL, NULL, NULL, NULL, NULL, '2025-10-10 11:45:22', '2025-10-17 19:00:21'),
(351, NULL, NULL, 'test22@gmail.com', 0, NULL, 'site', 'HqLp7WfJUbKUMY536W36TarYY67sY51JeUsXy7yfidZM70J1z9RJUZiO841YIZfHl6uMVlOeHxSHTer9PX8exlpfex3KVrzHMcmh', '$2y$10$Fu32Ml49t5O1gzLlHppTJuqXnTZArkADppSzx8FtzHWm/9cdi/nb.', NULL, NULL, NULL, NULL, NULL, '09108003499', 1, NULL, '2981145312', NULL, NULL, 6, NULL, NULL, '1378/12/18', NULL, NULL, NULL, NULL, NULL, NULL, NULL, NULL, NULL, NULL, NULL, NULL, NULL, NULL, NULL, NULL, NULL, NULL, NULL, NULL, NULL, '2025-10-19 04:01:10', '2025-10-19 04:11:02'),
(352, NULL, NULL, NULL, 0, NULL, 'site', 'b3GwCJyymzIVAbG22B7BaIO4BMnS3YfDr8tXBqpNisA6H4RSzZhxzqjI3s0L9N8XuZ0SMM5JPfEqSMdQAPdY6VpGE05pd4kmcprR', NULL, NULL, NULL, NULL, NULL, NULL, '09901644934', 1, NULL, '0056445598', NULL, NULL, NULL, NULL, NULL, '1351/54/', NULL, NULL, NULL, NULL, NULL, NULL, NULL, NULL, NULL, NULL, NULL, NULL, NULL, NULL, NULL, NULL, NULL, NULL, NULL, NULL, NULL, '2025-10-19 09:03:13', '2025-10-19 09:04:03'),
(353, NULL, NULL, NULL, 0, NULL, 'site', 'JhMKrwMzBnasWyQfK9Y3xZnSjaxqHEEy8MCR9U3dn1DHEXCqERZYCUukxJqeiNROX7F1R5si9JqJbaCX4YV7OEpLZ0p6XddCWaXj', NULL, NULL, NULL, NULL, NULL, NULL, '09921318157', 1, NULL, '0250524910', NULL, NULL, NULL, NULL, NULL, '1384/11/18', NULL, NULL, NULL, NULL, NULL, NULL, NULL, NULL, NULL, NULL, NULL, NULL, NULL, NULL, NULL, NULL, NULL, NULL, NULL, NULL, NULL, '2025-10-24 11:13:00', '2025-10-24 11:13:16'),
(354, NULL, NULL, NULL, 0, NULL, 'site', 'V328596vdvwOmx3J6zLnXouKtpLAJggWkz0mlMlAooRVhSWcY3S7OYMgP9eDrpE1bXSEG5zTWSrpdvDCgAWHerNRhYh8DSmqNXnw', '$2y$10$rxOzDmXMiHebOVRiqLPQD.TNs8/CYGp0W0RaJVl32hq3Glfm1JF3m', NULL, NULL, NULL, NULL, NULL, '09903301336', 1, '02133038049', '0021661561', NULL, 'مجرد', NULL, 19, NULL, '1377/09/17', 1, NULL, NULL, NULL, 'اصغر', NULL, NULL, NULL, NULL, NULL, NULL, NULL, NULL, NULL, NULL, NULL, NULL, NULL, NULL, NULL, NULL, '2025-10-24 18:36:43', '2025-10-24 20:42:36'),
(355, NULL, NULL, NULL, 0, NULL, 'site', 'w9nyZrAb5rWSwfPj0lbfd8iExlSIqORw9H8GlGCEh5gwgcXudNvseDswxJIJRLLJ4KCW7rUC48MC8OpaPFGpEhup2gAhCFkyffO5', NULL, NULL, NULL, NULL, NULL, NULL, '09153066152', 1, NULL, '0880228873', NULL, NULL, NULL, NULL, NULL, '1375/01/22', NULL, NULL, NULL, NULL, NULL, NULL, NULL, NULL, NULL, NULL, NULL, NULL, NULL, NULL, NULL, NULL, NULL, NULL, NULL, NULL, NULL, '2025-10-24 18:45:48', '2025-10-24 18:46:06'),
(356, NULL, NULL, NULL, 0, NULL, 'site', 'eME5iWkcpP6AM5FJcBDHHIy41ufhXBRuJmhsTe1ENdjPCeKLLbD7g08oP2tKMwUGMoCooyTwzmX3G0HTLLUVREWJ66C0uNI59bbV', NULL, NULL, NULL, NULL, NULL, NULL, '09144488707', 1, NULL, '2909383423', NULL, NULL, NULL, NULL, NULL, '1350/05/03', NULL, NULL, NULL, NULL, NULL, NULL, NULL, NULL, NULL, NULL, NULL, NULL, NULL, NULL, NULL, NULL, NULL, NULL, NULL, NULL, NULL, '2025-10-24 19:07:21', '2025-10-24 19:07:51');

-- --------------------------------------------------------

--
-- Table structure for table `visitors`
--

CREATE TABLE `visitors` (
  `id` bigint(20) UNSIGNED NOT NULL COMMENT 'شناسه یکتا بازدید',
  `ip` varchar(255) NOT NULL COMMENT 'آی‌پی بازدیدکننده',
  `page` varchar(255) NOT NULL COMMENT 'شناسه صفحه بازدیدشده',
  `device` varchar(255) NOT NULL COMMENT 'نوع دستگاه (موبایل، دسکتاپ و...)',
  `browser` varchar(255) NOT NULL COMMENT 'مرورگر بازدیدکننده',
  `from_page` varchar(255) NOT NULL COMMENT 'صفحه‌ای که بازدید از آن شروع شده',
  `to_page` varchar(255) NOT NULL COMMENT 'صفحه مقصد بازدید',
  `date` timestamp NOT NULL DEFAULT current_timestamp() ON UPDATE current_timestamp() COMMENT 'تاریخ و زمان بازدید',
  `created_at` timestamp NULL DEFAULT NULL,
  `updated_at` timestamp NULL DEFAULT NULL
) ENGINE=InnoDB DEFAULT CHARSET=utf8mb4 COLLATE=utf8mb4_unicode_ci;

-- --------------------------------------------------------

--
-- Table structure for table `wallets`
--

CREATE TABLE `wallets` (
  `id` bigint(20) UNSIGNED NOT NULL,
  `user_id` bigint(20) UNSIGNED DEFAULT NULL,
  `balance` bigint(20) UNSIGNED NOT NULL DEFAULT 0,
  `created_at` timestamp NULL DEFAULT NULL,
  `updated_at` timestamp NULL DEFAULT NULL
) ENGINE=InnoDB DEFAULT CHARSET=utf8mb4 COLLATE=utf8mb4_unicode_ci;

--
-- Dumping data for table `wallets`
--

INSERT INTO `wallets` (`id`, `user_id`, `balance`, `created_at`, `updated_at`) VALUES
(2, 1, 4991101850, '2025-05-12 05:05:00', '2025-10-23 15:27:31'),
(3, 2, 47102000, '2025-05-12 05:05:00', '2025-10-19 07:15:37'),
(4, 30, 7402000, '2025-05-12 05:05:00', '2025-10-16 09:00:17'),
(5, 38, 0, '2025-05-12 05:05:00', '2025-05-12 05:05:00'),
(6, 40, 0, '2025-05-12 05:05:00', '2025-05-12 05:05:00'),
(7, 41, 0, '2025-05-12 05:05:00', '2025-05-12 05:05:00'),
(8, 44, 0, '2025-05-12 05:05:00', '2025-05-12 05:05:00'),
(9, 45, 0, '2025-05-12 05:05:00', '2025-05-12 05:05:00'),
(10, 51, 0, '2025-05-12 05:05:00', '2025-05-12 05:05:00'),
(11, 59, 0, '2025-05-12 05:05:00', '2025-05-12 05:05:00'),
(12, 60, 0, '2025-05-12 05:05:00', '2025-05-12 05:05:00'),
(13, 61, 0, '2025-05-12 05:05:00', '2025-05-12 05:05:00'),
(14, 62, 0, '2025-05-12 05:05:00', '2025-05-12 05:05:00'),
(15, 64, 0, '2025-05-12 05:05:00', '2025-05-12 05:05:00'),
(16, 65, 0, '2025-05-12 05:05:00', '2025-05-12 05:05:00'),
(17, 66, 0, '2025-05-12 05:05:00', '2025-05-12 05:05:00'),
(18, 67, 0, '2025-05-12 05:05:00', '2025-05-12 05:05:00'),
(19, 68, 0, '2025-05-12 05:05:00', '2025-05-12 05:05:00'),
(20, 69, 0, '2025-05-12 05:05:00', '2025-05-12 05:05:00'),
(21, 70, 0, '2025-05-12 05:05:00', '2025-05-12 05:05:00'),
(22, 71, 0, '2025-05-12 05:05:00', '2025-05-12 05:05:00'),
(23, 72, 1300000, '2025-05-12 05:05:00', '2025-10-14 23:11:45'),
(24, 81, 0, '2025-05-12 05:05:00', '2025-05-12 05:05:00'),
(25, 82, 0, '2025-05-12 05:05:00', '2025-05-12 05:05:00'),
(26, 83, 0, '2025-05-12 05:05:00', '2025-05-12 05:05:00'),
(27, 87, 0, '2025-05-12 05:05:00', '2025-05-12 05:05:00'),
(28, 88, 0, '2025-05-12 05:05:00', '2025-05-12 05:05:00'),
(29, 89, 0, '2025-05-12 05:05:00', '2025-05-12 05:05:00'),
(30, 90, 0, '2025-05-12 05:05:00', '2025-05-12 05:05:00'),
(31, 91, 0, '2025-05-12 05:05:00', '2025-05-12 05:05:00'),
(32, 92, 0, '2025-05-12 05:05:00', '2025-05-12 05:05:00'),
(33, 93, 0, '2025-05-12 05:05:00', '2025-05-12 05:05:00'),
(34, 94, 0, '2025-05-12 05:05:00', '2025-05-12 05:05:00'),
(35, 95, 0, '2025-05-12 05:05:00', '2025-05-12 05:05:00'),
(36, 96, 0, '2025-05-12 05:05:00', '2025-05-12 05:05:00'),
(37, 97, 0, '2025-05-12 05:05:00', '2025-05-12 05:05:00'),
(38, 102, 0, '2025-05-12 05:05:00', '2025-05-12 05:05:00'),
(39, 107, 0, '2025-05-12 05:05:00', '2025-05-12 05:05:00'),
(40, 108, 0, '2025-05-12 05:05:00', '2025-05-12 05:05:00'),
(41, 109, 0, '2025-05-12 05:05:00', '2025-05-12 05:05:00'),
(42, 110, 0, '2025-05-12 05:05:00', '2025-05-12 05:05:00'),
(43, 111, 0, '2025-05-12 05:05:00', '2025-05-12 05:05:00'),
(44, 128, 0, '2025-05-12 05:05:00', '2025-05-12 05:05:00'),
(45, 129, 0, '2025-05-12 05:05:00', '2025-05-12 05:05:00'),
(46, 130, 0, '2025-05-12 05:05:00', '2025-05-12 05:05:00'),
(47, 131, 0, '2025-05-12 05:05:00', '2025-05-12 05:05:00'),
(48, 132, 0, '2025-05-12 05:05:00', '2025-05-12 05:05:00'),
(49, 133, 0, '2025-05-12 05:05:00', '2025-05-12 05:05:00'),
(50, 134, 0, '2025-05-12 05:05:00', '2025-05-12 05:05:00'),
(51, 135, 0, '2025-05-12 05:05:00', '2025-05-12 05:05:00'),
(52, 136, 0, '2025-05-12 05:05:00', '2025-05-12 05:05:00'),
(53, 137, 0, '2025-05-12 05:05:00', '2025-05-12 05:05:00'),
(54, 138, 0, '2025-05-12 05:05:00', '2025-05-12 05:05:00'),
(55, 139, 0, '2025-05-12 05:05:00', '2025-05-12 05:05:00'),
(56, 140, 0, '2025-05-12 05:05:00', '2025-05-12 05:05:00'),
(57, 141, 0, '2025-05-12 05:05:00', '2025-05-12 05:05:00'),
(58, 142, 0, '2025-05-12 05:05:00', '2025-05-12 05:05:00'),
(59, 143, 0, '2025-05-12 05:05:00', '2025-05-12 05:05:00'),
(60, 144, 0, '2025-05-12 05:05:00', '2025-05-12 05:05:00'),
(61, 145, 0, '2025-05-12 05:05:00', '2025-05-12 05:05:00'),
(62, 146, 0, '2025-05-12 05:05:00', '2025-05-12 05:05:00'),
(63, 147, 0, '2025-05-12 05:05:00', '2025-05-12 05:05:00'),
(64, 148, 0, '2025-05-12 05:05:00', '2025-05-12 05:05:00'),
(65, 149, 0, '2025-05-12 05:05:00', '2025-05-12 05:05:00'),
(66, 151, 0, '2025-05-12 05:05:00', '2025-05-12 05:05:00'),
(67, 153, 0, '2025-05-12 05:05:00', '2025-05-12 05:05:00'),
(68, 154, 0, '2025-05-12 05:05:00', '2025-05-12 05:05:00'),
(69, 155, 0, '2025-05-12 05:05:00', '2025-05-12 05:05:00'),
(70, 156, 0, '2025-05-12 05:05:00', '2025-05-12 05:05:00'),
(71, 166, 0, '2025-05-12 05:05:00', '2025-05-12 05:05:00'),
(72, 167, 0, '2025-05-12 05:05:00', '2025-05-12 05:05:00'),
(73, 168, 0, '2025-05-12 05:05:00', '2025-05-12 05:05:00'),
(74, 169, 0, '2025-05-12 05:05:00', '2025-05-12 05:05:00'),
(75, 170, 0, '2025-05-12 05:05:00', '2025-05-12 05:05:00'),
(76, 171, 0, '2025-05-12 05:05:00', '2025-05-12 05:05:00'),
(77, 172, 0, '2025-05-12 05:05:00', '2025-05-12 05:05:00'),
(78, 175, 0, '2025-05-12 05:05:00', '2025-05-12 05:05:00'),
(79, 176, 0, '2025-05-12 05:05:00', '2025-05-12 05:05:00'),
(80, 177, 0, '2025-05-12 05:05:00', '2025-05-12 05:05:00'),
(81, 178, 0, '2025-05-12 05:05:00', '2025-05-12 05:05:00'),
(82, 179, 0, '2025-05-12 05:05:00', '2025-05-12 05:05:00'),
(83, 180, 0, '2025-05-12 05:05:00', '2025-05-12 05:05:00'),
(84, 182, 0, '2025-05-12 05:05:00', '2025-05-12 05:05:00'),
(85, 186, 0, '2025-05-12 05:05:00', '2025-05-12 05:05:00'),
(86, 190, 0, '2025-05-12 05:05:00', '2025-05-12 05:05:00'),
(87, 192, 0, '2025-05-12 05:05:00', '2025-05-12 05:05:00'),
(88, 193, 0, '2025-05-12 05:05:00', '2025-05-12 05:05:00'),
(89, 195, 0, '2025-05-12 05:05:00', '2025-05-12 05:05:00'),
(90, 196, 0, '2025-05-12 05:05:00', '2025-05-12 05:05:00'),
(91, 197, 0, '2025-05-12 05:05:00', '2025-05-12 05:05:00'),
(92, 198, 0, '2025-05-12 05:05:00', '2025-05-12 05:05:00'),
(93, 199, 0, '2025-05-12 05:05:00', '2025-05-12 05:05:00'),
(94, 200, 0, '2025-05-12 05:05:00', '2025-05-12 05:05:00'),
(95, 201, 0, '2025-05-12 05:05:00', '2025-05-12 05:05:00'),
(96, 202, 0, '2025-05-12 05:05:00', '2025-05-12 05:05:00'),
(97, 203, 0, '2025-05-12 05:05:00', '2025-05-12 05:05:00'),
(98, 204, 0, '2025-05-12 05:05:00', '2025-05-12 05:05:00'),
(99, 205, 0, '2025-05-12 05:05:00', '2025-05-12 05:05:00'),
(100, 206, 0, '2025-05-12 05:05:00', '2025-05-12 05:05:00'),
(101, 207, 0, '2025-05-12 05:05:00', '2025-05-12 05:05:00'),
(102, 208, 0, '2025-05-12 05:05:00', '2025-05-12 05:05:00'),
(103, 209, 0, '2025-05-12 05:05:00', '2025-05-12 05:05:00'),
(104, 210, 0, '2025-05-12 05:05:00', '2025-05-12 05:05:00'),
(105, 211, 0, '2025-05-12 05:05:00', '2025-05-12 05:05:00'),
(106, 212, 0, '2025-05-12 05:05:00', '2025-05-12 05:05:00'),
(107, 213, 0, '2025-05-12 05:05:00', '2025-05-12 05:05:00'),
(108, 214, 0, '2025-05-12 05:05:00', '2025-05-12 05:05:00'),
(109, 215, 0, '2025-05-12 05:05:00', '2025-05-12 05:05:00'),
(110, 216, 0, '2025-05-12 05:05:00', '2025-05-12 05:05:00'),
(111, 217, 0, '2025-05-12 05:05:00', '2025-05-12 05:05:00'),
(112, 218, 0, '2025-05-12 05:05:00', '2025-05-12 05:05:00'),
(113, 219, 0, '2025-05-12 05:05:00', '2025-05-12 05:05:00'),
(114, 220, 850000, '2025-05-12 05:05:00', '2025-10-21 07:25:04'),
(115, 221, 1300000, '2025-05-12 05:05:00', '2025-10-19 17:20:10'),
(116, 222, 0, '2025-05-12 05:05:00', '2025-05-12 05:05:00'),
(117, 223, 0, '2025-05-12 05:05:00', '2025-05-12 05:05:00'),
(118, 224, 0, '2025-05-12 05:05:00', '2025-05-12 05:05:00'),
(119, 225, 0, '2025-05-12 05:05:00', '2025-05-12 05:05:00'),
(120, 226, 0, '2025-05-12 05:05:00', '2025-05-12 05:05:00'),
(121, 227, 0, '2025-05-12 05:05:00', '2025-05-12 05:05:00'),
(122, 228, 0, '2025-05-12 05:05:00', '2025-05-12 05:05:00'),
(123, 229, 0, '2025-05-12 05:05:00', '2025-05-12 05:05:00'),
(124, 230, 0, '2025-05-12 05:05:00', '2025-05-12 05:05:00'),
(125, 231, 0, '2025-05-12 05:05:00', '2025-05-12 05:05:00'),
(126, 232, 0, '2025-05-12 05:05:00', '2025-05-12 05:05:00'),
(127, 233, 0, '2025-05-12 05:05:00', '2025-05-12 05:05:00'),
(128, 234, 0, '2025-05-12 05:05:00', '2025-05-12 05:05:00'),
(129, 235, 0, '2025-05-12 05:05:00', '2025-05-12 05:05:00'),
(130, 236, 0, '2025-05-12 05:05:00', '2025-05-12 05:05:00'),
(131, 237, 0, '2025-05-12 05:05:00', '2025-05-12 05:05:00'),
(132, 239, 0, '2025-05-12 05:05:00', '2025-05-12 05:05:00'),
(133, 240, 0, '2025-05-12 05:05:00', '2025-05-12 05:05:00'),
(134, 241, 0, '2025-05-12 05:05:00', '2025-05-12 05:05:00'),
(135, 242, 0, '2025-05-12 05:05:00', '2025-05-12 05:05:00'),
(136, 243, 0, '2025-05-12 05:05:00', '2025-05-12 05:05:00'),
(137, 244, 0, '2025-05-12 05:05:00', '2025-05-12 05:05:00'),
(138, 245, 0, '2025-05-12 05:05:00', '2025-05-12 05:05:00'),
(139, 246, 0, '2025-05-12 05:05:00', '2025-05-12 05:05:00'),
(140, 247, 0, '2025-05-12 05:05:00', '2025-05-12 05:05:00'),
(141, 248, 0, '2025-05-12 05:05:00', '2025-05-12 05:05:00'),
(142, 249, 0, '2025-05-12 05:05:00', '2025-05-12 05:05:00'),
(143, 250, 0, '2025-05-12 05:05:00', '2025-05-12 05:05:00'),
(144, 251, 0, '2025-05-12 05:05:00', '2025-05-12 05:05:00'),
(145, 252, 0, '2025-05-12 05:05:00', '2025-05-12 05:05:00'),
(146, 253, 0, '2025-05-12 05:05:00', '2025-05-12 05:05:00'),
(147, 254, 0, '2025-05-12 05:05:00', '2025-05-12 05:05:00'),
(148, 255, 0, '2025-05-12 05:05:00', '2025-05-12 05:05:00'),
(149, 256, 0, '2025-05-12 05:05:00', '2025-05-12 05:05:00'),
(150, 257, 0, '2025-05-12 05:05:00', '2025-05-12 05:05:00'),
(151, 258, 0, '2025-05-12 05:05:00', '2025-05-12 05:05:00'),
(152, 259, 0, '2025-05-12 05:05:00', '2025-05-12 05:05:00'),
(153, 260, 0, '2025-05-12 05:05:00', '2025-05-12 05:05:00'),
(154, 262, 0, '2025-05-12 05:05:00', '2025-05-12 05:05:00'),
(155, 275, 0, '2025-05-12 05:05:00', '2025-05-12 05:05:00'),
(156, 276, 0, '2025-05-12 05:05:00', '2025-05-12 05:05:00'),
(157, 278, 0, '2025-05-12 05:05:00', '2025-05-12 05:05:00'),
(158, 279, 0, '2025-05-12 05:05:00', '2025-05-12 05:05:00'),
(159, 280, 0, '2025-05-12 05:05:00', '2025-05-12 05:05:00'),
(160, 281, 0, '2025-05-12 05:05:00', '2025-05-12 05:05:00'),
(161, 282, 0, '2025-05-12 05:05:00', '2025-05-12 05:05:00'),
(162, 283, 0, '2025-05-12 05:05:00', '2025-05-12 05:05:00'),
(163, 284, 0, '2025-05-12 05:05:00', '2025-05-12 05:05:00'),
(164, 285, 0, '2025-05-12 05:05:00', '2025-05-12 05:05:00'),
(165, 286, 0, '2025-05-12 05:05:00', '2025-05-12 05:05:00'),
(166, 287, 0, '2025-05-12 05:05:00', '2025-05-12 05:05:00'),
(167, 288, 0, '2025-05-12 05:05:00', '2025-05-12 05:05:00'),
(168, 289, 0, '2025-05-12 05:05:00', '2025-05-12 05:05:00'),
(169, 290, 0, '2025-05-12 05:05:00', '2025-05-12 05:05:00'),
(170, 291, 0, '2025-05-12 05:05:00', '2025-05-12 05:05:00'),
(171, 292, 0, '2025-05-12 05:05:00', '2025-05-12 05:05:00'),
(173, 294, 0, '2025-05-12 05:05:00', '2025-05-12 05:05:00'),
(174, 295, 0, '2025-05-12 05:05:00', '2025-05-12 05:05:00'),
(175, 296, 0, '2025-05-12 05:05:00', '2025-05-12 05:05:00'),
(176, 297, 0, '2025-05-12 05:05:00', '2025-05-12 05:05:00'),
(177, 298, 0, '2025-05-12 05:05:00', '2025-05-12 05:05:00'),
(178, 299, 0, '2025-05-12 05:05:00', '2025-05-12 05:05:00'),
(179, 300, 0, '2025-05-12 05:05:00', '2025-05-12 05:05:00'),
(193, 317, 47402000, '2025-05-18 13:03:40', '2025-10-18 16:30:46'),
(196, 320, 0, '2025-05-28 04:08:45', '2025-05-28 04:08:45'),
(206, 330, 0, '2025-09-09 10:48:04', '2025-09-09 10:48:04'),
(207, 331, 0, '2025-09-12 20:20:24', '2025-09-12 20:20:24'),
(217, 341, 610, '2025-09-14 16:26:57', '2025-10-03 14:26:04'),
(218, 342, 0, '2025-09-14 16:54:05', '2025-09-14 16:54:05'),
(219, 343, 0, '2025-09-21 17:39:11', '2025-09-21 17:39:11'),
(222, 346, 0, '2025-10-09 13:33:05', '2025-10-09 13:33:05'),
(224, 349, 0, '2025-10-10 11:45:22', '2025-10-10 11:45:22'),
(226, 347, 0, NULL, NULL),
(227, 351, 4155650, '2025-10-19 04:01:10', '2025-10-19 04:04:55'),
(228, 352, 0, '2025-10-19 09:03:13', '2025-10-19 09:03:13'),
(229, 353, 0, '2025-10-24 11:13:00', '2025-10-24 11:13:00'),
(230, 354, 0, '2025-10-24 18:36:43', '2025-10-24 18:36:43'),
(231, 355, 0, '2025-10-24 18:45:48', '2025-10-24 18:45:48'),
(232, 356, 0, '2025-10-24 19:07:21', '2025-10-24 19:07:21');

-- --------------------------------------------------------

--
-- Table structure for table `wallet_transactions`
--

CREATE TABLE `wallet_transactions` (
  `id` bigint(20) UNSIGNED NOT NULL,
  `wallet_id` bigint(20) UNSIGNED DEFAULT NULL,
  `user_id` bigint(20) UNSIGNED DEFAULT NULL,
  `invoice_id` bigint(20) UNSIGNED DEFAULT NULL,
  `type` enum('deposit','withdraw') NOT NULL,
  `amount` bigint(20) NOT NULL,
  `transactionId` text DEFAULT NULL,
  `referenceId` text DEFAULT NULL,
  `description` text DEFAULT NULL,
  `status` enum('pending','completed','failed') NOT NULL DEFAULT 'completed',
  `created_at` timestamp NULL DEFAULT NULL,
  `updated_at` timestamp NULL DEFAULT NULL
) ENGINE=InnoDB DEFAULT CHARSET=utf8mb4 COLLATE=utf8mb4_unicode_ci;

--
-- Dumping data for table `wallet_transactions`
--

INSERT INTO `wallet_transactions` (`id`, `wallet_id`, `user_id`, `invoice_id`, `type`, `amount`, `transactionId`, `referenceId`, `description`, `status`, `created_at`, `updated_at`) VALUES
(10, 2, 1, NULL, 'deposit', 1000, 'A000000000000000000000000000mr8o86n5', NULL, 'شارژ کیف پول', 'pending', '2025-05-26 10:47:03', '2025-05-26 10:47:03'),
(11, 2, 1, NULL, 'deposit', 10000, 'A0000000000000000000000000006qyry1o8', NULL, 'شارژ کیف پول', 'pending', '2025-05-26 10:52:43', '2025-05-26 10:52:44'),
(12, 2, 1, NULL, 'deposit', 1000, 'A000000000000000000000000000z2yzyj6r', NULL, 'شارژ کیف پول', 'pending', '2025-05-26 10:53:14', '2025-05-26 10:53:15'),
(13, 3, 2, NULL, 'deposit', 5000, 'A000000000000000000000000000vgrzjd72', NULL, 'شارژ کیف پول', 'pending', '2025-05-26 11:33:58', '2025-05-26 11:33:59'),
(14, 3, 2, NULL, 'deposit', 1000, 'A000000000000000000000000000ox2d1l6o', NULL, 'شارژ کیف پول', 'pending', '2025-05-26 11:38:44', '2025-05-26 11:38:45'),
(15, 3, 2, NULL, 'deposit', 1000, 'A0000000000000000000000000001q382e53', NULL, 'شارژ کیف پول', 'pending', '2025-05-26 11:43:29', '2025-05-26 11:43:30'),
(16, 3, 2, NULL, 'deposit', 1000, 'A0000000000000000000000000005q63zjrm', NULL, 'شارژ کیف پول', 'pending', '2025-05-26 11:45:57', '2025-05-26 11:45:57'),
(17, 3, 2, NULL, 'deposit', 1000, 'A000000000000000000000000000rvwdjjxn', NULL, 'شارژ کیف پول', 'pending', '2025-05-26 11:49:26', '2025-05-26 11:49:26'),
(18, 3, 2, NULL, 'deposit', 1000, 'A0000000000000000000000000006qyr16z2', '70544180401', 'شارژ کیف پول', 'completed', '2025-05-26 11:52:17', '2025-05-26 11:52:50'),
(19, 3, 2, NULL, 'deposit', 1000, 'A000000000000000000000000000eer5nqdz', '70544651701', 'شارژ کیف پول', 'completed', '2025-05-26 12:03:47', '2025-05-26 12:04:30'),
(20, 3, 2, NULL, 'deposit', 1100, 'A0000000000000000000000000007zvgrqvp', '70544781201', 'شارژ کیف پول', 'completed', '2025-05-26 12:06:47', '2025-05-26 12:07:30'),
(21, 2, 1, NULL, 'deposit', 1000, NULL, NULL, 'شارژ کیف پول', 'pending', '2025-05-30 09:14:26', '2025-05-30 09:14:26'),
(22, 2, 1, NULL, 'deposit', 1000, NULL, NULL, 'شارژ کیف پول', 'pending', '2025-05-30 09:17:06', '2025-05-30 09:17:06'),
(23, 2, 1, NULL, 'deposit', 1000, NULL, NULL, 'شارژ کیف پول', 'pending', '2025-05-30 09:17:40', '2025-05-30 09:17:40'),
(24, 2, 1, NULL, 'deposit', 1000, NULL, NULL, 'شارژ کیف پول', 'pending', '2025-05-30 09:19:11', '2025-05-30 09:19:11'),
(25, 2, 1, NULL, 'deposit', 1000, 'A000000000000000000000000000xqxvlpod', NULL, 'شارژ کیف پول', 'pending', '2025-05-30 09:22:15', '2025-05-30 09:22:15'),
(26, 2, 1, NULL, 'deposit', 1000, NULL, NULL, 'شارژ کیف پول', 'pending', '2025-05-30 09:24:19', '2025-05-30 09:24:19'),
(27, 2, 1, NULL, 'deposit', 1000, NULL, NULL, 'شارژ کیف پول', 'pending', '2025-05-30 09:25:28', '2025-05-30 09:25:28'),
(28, 2, 1, NULL, 'deposit', 1000, NULL, NULL, 'شارژ کیف پول', 'pending', '2025-05-30 09:26:02', '2025-05-30 09:26:02'),
(29, 2, 1, NULL, 'deposit', 1000, 'A0000000000000000000000000001q3z2728', NULL, 'شارژ کیف پول', 'pending', '2025-05-30 09:28:42', '2025-05-30 09:28:42'),
(30, 2, 1, NULL, 'deposit', 1000, 'A0000000000000000000000000003zgep65m', NULL, 'شارژ کیف پول', 'pending', '2025-05-30 09:29:27', '2025-05-30 09:29:27'),
(31, 2, 1, NULL, 'deposit', 1000, 'A000000000000000000000000000y56njwz7', NULL, 'شارژ کیف پول', 'pending', '2025-05-30 09:30:46', '2025-05-30 09:30:47'),
(32, 3, 2, NULL, 'deposit', 1000, 'A000000000000000000000000000mr8ze7e6', NULL, 'شارژ کیف پول', 'pending', '2025-05-30 10:40:40', '2025-05-30 10:40:41'),
(33, 3, 2, NULL, 'deposit', 10000, 'A000000000000000000000000000l3qwdegx', NULL, 'alaki', 'pending', '2025-05-30 10:48:47', '2025-05-30 10:48:49'),
(34, 3, 2, NULL, 'deposit', 15000, 'A000000000000000000000000000eer82zn2', NULL, 'شارژ کیف پول', 'pending', '2025-05-30 12:14:12', '2025-05-30 12:14:13'),
(35, 3, 2, NULL, 'deposit', 100000, 'A0000000000000000000000000002qr3vngw', NULL, 'شارژ کیف پول', 'pending', '2025-05-30 13:20:18', '2025-05-30 13:20:18'),
(36, 3, 2, NULL, 'deposit', 235667, 'A000000000000000000000000000ngmdjd7o', NULL, 'شارژ کیف پول', 'pending', '2025-05-30 13:24:05', '2025-05-30 13:24:05'),
(37, 3, 2, NULL, 'deposit', 50000, 'A000000000000000000000000000jjvljeog', NULL, 'شارژ کیف پول', 'pending', '2025-05-30 13:29:22', '2025-05-30 13:29:22'),
(38, 3, 2, NULL, 'deposit', 100000, 'A0000000000000000000000000006qy6qzmw', NULL, 'شارژ کیف پول', 'pending', '2025-05-30 13:37:18', '2025-05-30 13:37:18'),
(39, 3, 2, NULL, 'deposit', 10000, 'A000000000000000000000000000gex2egg6', NULL, 'alaki', 'pending', '2025-05-30 13:38:48', '2025-05-30 13:38:48'),
(40, 3, 2, NULL, 'deposit', 1000, 'A000000000000000000000000000py7jydp7', NULL, 'شارژ کیف پول', 'pending', '2025-05-30 13:52:52', '2025-05-30 13:52:53'),
(41, 3, 2, NULL, 'deposit', 1000, 'A000000000000000000000000000vgryngr3', NULL, 'شارژ کیف پول', 'pending', '2025-05-30 14:03:05', '2025-05-30 14:03:05'),
(42, 3, 2, NULL, 'deposit', 10000, 'A000000000000000000000000000vgrynn3m', NULL, 'alaki', 'pending', '2025-05-30 14:04:17', '2025-05-30 14:04:17'),
(43, 3, 2, NULL, 'deposit', 10000, 'A000000000000000000000000000vgryn7d3', NULL, 'alaki', 'pending', '2025-05-30 14:09:16', '2025-05-30 14:09:16'),
(44, 3, 2, NULL, 'deposit', 200000, 'A0000000000000000000000000002qr3pv7e', NULL, 'شارژ کیف پول', 'pending', '2025-05-30 14:31:42', '2025-05-30 14:31:42'),
(45, 2, 1, NULL, 'deposit', 1000, 'A000000000000000000000000000eer8xxgg', NULL, 'شارژ کیف پول', 'pending', '2025-05-30 17:41:51', '2025-05-30 17:41:52'),
(46, 2, 1, NULL, 'deposit', 1000, 'A000000000000000000000000000qyp3x28g', NULL, 'شارژ کیف پول', 'pending', '2025-05-30 17:47:52', '2025-05-30 17:47:53'),
(47, 3, 2, NULL, 'deposit', 1000, 'A0000000000000000000000000003zqyme25', NULL, 'شارژ حساب', 'pending', '2025-05-31 15:00:15', '2025-05-31 15:00:17'),
(48, 3, 2, NULL, 'deposit', 1000, 'A000000000000000000000000000oxwymoow', NULL, 'شارژ حساب', 'pending', '2025-05-31 15:01:46', '2025-05-31 15:01:47'),
(49, 3, 2, NULL, 'deposit', 1000, 'A000000000000000000000000000oxwy5xgo', NULL, 'شارژ کیف پول', 'pending', '2025-05-31 15:08:21', '2025-05-31 15:08:21'),
(50, 3, 2, NULL, 'deposit', 1000, 'A0000000000000000000000000002qny82xl', NULL, 'شارژ حساب', 'pending', '2025-05-31 15:12:02', '2025-05-31 15:12:02'),
(51, 3, 2, NULL, 'deposit', 200000, 'A000000000000000000000000000vgx5e3w6', NULL, 'شارژ کیف پول', 'pending', '2025-05-31 15:20:51', '2025-05-31 15:20:51'),
(52, 3, 2, NULL, 'deposit', 100000, 'A000000000000000000000000000y5v8ev28', NULL, 'شارژ کیف پول', 'pending', '2025-05-31 15:23:26', '2025-05-31 15:23:27'),
(53, 3, 2, NULL, 'deposit', 1000, 'A00000000000000000000000000082pz1lpj', NULL, 'شارژ کیف پول', 'pending', '2025-05-31 15:26:05', '2025-05-31 15:26:05'),
(54, 2, 1, NULL, 'deposit', 1000, 'A0000000000000000000000000002qnyw5yx', NULL, 'شارژ کیف پول', 'pending', '2025-05-31 16:37:17', '2025-05-31 16:37:17'),
(55, 2, 1, NULL, 'deposit', 1000, 'A0000000000000000000000000006q2pweze', NULL, 'شارژ کیف پول', 'pending', '2025-05-31 16:40:18', '2025-05-31 16:40:18'),
(56, 2, 1, NULL, 'deposit', 1000, 'A000000000000000000000000000wx62w3w7', NULL, 'شارژ کیف پول', 'pending', '2025-05-31 16:40:22', '2025-05-31 16:40:23'),
(57, 2, 1, NULL, 'deposit', 1000, 'A0000000000000000000000000002qnyw38w', '70813068001', 'شارژ کیف پول', 'completed', '2025-05-31 16:48:39', '2025-05-31 16:49:09'),
(58, 3, 2, NULL, 'deposit', 1000, 'A0000000000000000000000000006q2p2qx6', '70821889601', 'شارژ کیف پول', 'completed', '2025-06-01 01:33:40', '2025-06-01 01:35:59'),
(59, 3, 2, NULL, 'deposit', 1000, 'A000000000000000000000000000pyzvp16r', '70857325901', 'شارژ کیف پول', 'completed', '2025-06-01 13:21:46', '2025-06-01 13:22:46'),
(60, 3, 2, NULL, 'deposit', 200000, 'A000000000000000000000000000rvemwpxm', NULL, 'شارژ کیف پول', 'pending', '2025-06-04 07:02:14', '2025-06-04 07:02:15'),
(61, 3, 2, NULL, 'deposit', 50000, 'A0000000000000000000000000005qm16vqd', NULL, 'شارژ کیف پول', 'pending', '2025-06-04 07:04:47', '2025-06-04 07:04:48'),
(62, 3, 2, NULL, 'deposit', 1000, 'A000000000000000000000000000gevox611', '70988902501', 'شارژ کیف پول', 'completed', '2025-06-04 07:06:09', '2025-06-04 07:06:45'),
(63, 3, 2, NULL, 'deposit', 200000, 'A00000000000000000000000000082prn5pm', NULL, 'شارژ کیف پول', 'pending', '2025-06-04 07:09:24', '2025-06-04 07:09:24'),
(64, 3, 2, NULL, 'deposit', 50000, 'A000000000000000000000000000dey3577v', NULL, 'شارژ کیف پول', 'pending', '2025-06-29 13:18:45', '2025-06-29 13:18:46'),
(65, 3, 2, NULL, 'deposit', 50000, 'A0000000000000000000000000003zpg2o1v', NULL, 'شارژ کیف پول', 'pending', '2025-06-29 13:19:48', '2025-06-29 13:19:48'),
(66, 3, 2, NULL, 'deposit', 1000, 'A000000000000000000000000000mrw8on76', '71935843301', 'شارژ کیف پول', 'completed', '2025-06-29 13:20:26', '2025-06-29 13:20:59'),
(67, 3, 2, NULL, 'deposit', 1000, 'A0000000000000000000000000006q3oyny8', '72304129601', 'شارژ کیف پول', 'completed', '2025-07-08 16:21:15', '2025-07-08 16:22:43'),
(68, 3, 2, NULL, 'withdraw', 1000, NULL, NULL, 'برداشت از حساب', 'completed', '2025-07-08 16:48:59', '2025-07-08 16:48:59'),
(69, 3, 2, NULL, 'withdraw', 1000, NULL, NULL, NULL, 'completed', '2025-07-08 17:39:10', '2025-07-08 17:39:10'),
(70, 2, 1, NULL, 'withdraw', 0, NULL, NULL, NULL, 'completed', '2025-07-12 14:24:21', '2025-07-12 14:24:21'),
(71, 3, 2, NULL, 'withdraw', 0, NULL, NULL, NULL, 'completed', '2025-07-12 14:55:35', '2025-07-12 14:55:35'),
(72, 2, 1, NULL, 'withdraw', 0, NULL, NULL, NULL, 'completed', '2025-07-13 14:17:26', '2025-07-13 14:17:26'),
(73, 2, 1, NULL, 'withdraw', 0, NULL, NULL, NULL, 'completed', '2025-07-13 14:17:45', '2025-07-13 14:17:45'),
(74, 3, 2, NULL, 'withdraw', 0, NULL, NULL, NULL, 'completed', '2025-07-13 14:45:01', '2025-07-13 14:45:01'),
(75, 3, 2, NULL, 'withdraw', 0, NULL, NULL, NULL, 'completed', '2025-07-13 15:54:37', '2025-07-13 15:54:37'),
(76, 3, 2, NULL, 'withdraw', 0, NULL, NULL, NULL, 'completed', '2025-07-13 16:20:45', '2025-07-13 16:20:45'),
(77, 3, 2, NULL, 'deposit', 1000, 'A000000000000000000000000000y5nqyjzz', '72678177401', 'شارژ کیف پول', 'completed', '2025-07-16 08:21:18', '2025-07-16 08:22:06'),
(78, 3, 2, NULL, 'deposit', 1000, 'A000000000000000000000000000qyo3lgn8', '72678363101', 'شارژ کیف پول', 'completed', '2025-07-16 08:25:42', '2025-07-16 08:27:22'),
(79, 3, 2, NULL, 'deposit', 1000, 'A000000000000000000000000000l3w13jqn', NULL, 'شارژ کیف پول', 'pending', '2025-07-16 09:14:38', '2025-07-16 09:14:39'),
(80, 3, 2, NULL, 'deposit', 1000, 'A000000000000000000000000000rvrl5vlm', NULL, 'شارژ کیف پول', 'pending', '2025-07-20 11:02:29', '2025-07-20 11:02:30'),
(81, 2, 1, NULL, 'withdraw', 0, NULL, NULL, NULL, 'completed', '2025-07-21 00:12:54', '2025-07-21 00:12:54'),
(82, 2, 1, NULL, 'withdraw', 0, NULL, NULL, NULL, 'completed', '2025-07-21 00:14:18', '2025-07-21 00:14:18'),
(83, 3, 2, NULL, 'withdraw', 1000, NULL, NULL, NULL, 'completed', '2025-07-21 16:54:24', '2025-07-21 16:54:24'),
(84, 3, 2, NULL, 'withdraw', 0, NULL, NULL, NULL, 'completed', '2025-07-23 14:49:09', '2025-07-23 14:49:09'),
(85, 3, 2, NULL, 'withdraw', 0, NULL, NULL, NULL, 'completed', '2025-07-23 14:58:23', '2025-07-23 14:58:23'),
(86, 3, 2, NULL, 'withdraw', 0, NULL, NULL, NULL, 'completed', '2025-07-23 15:03:13', '2025-07-23 15:03:13'),
(87, 3, 2, NULL, 'withdraw', 0, NULL, NULL, NULL, 'completed', '2025-07-23 15:15:57', '2025-07-23 15:15:57'),
(88, 3, 2, NULL, 'withdraw', 0, NULL, NULL, NULL, 'completed', '2025-07-25 15:20:59', '2025-07-25 15:20:59'),
(89, 3, 2, NULL, 'withdraw', 0, NULL, NULL, NULL, 'completed', '2025-07-26 12:30:33', '2025-07-26 12:30:33'),
(90, 3, 2, NULL, 'withdraw', 0, NULL, NULL, NULL, 'completed', '2025-07-26 15:23:11', '2025-07-26 15:23:11'),
(91, 3, 2, NULL, 'withdraw', 800, NULL, NULL, NULL, 'completed', '2025-07-26 16:54:40', '2025-07-26 16:54:40'),
(92, 3, 2, NULL, 'deposit', 100000, NULL, NULL, 'شارژ کیف پول', 'pending', '2025-07-27 02:42:39', '2025-07-27 02:42:39'),
(93, 3, 2, NULL, 'deposit', 50000, 'A000000000000000000000000000qy323z8j', NULL, 'شارژ کیف پول', 'pending', '2025-07-27 02:44:49', '2025-07-27 02:44:49'),
(94, 3, 2, NULL, 'deposit', 100000, NULL, NULL, 'شارژ کیف پول', 'pending', '2025-07-27 03:04:10', '2025-07-27 03:04:10'),
(95, 3, 2, NULL, 'deposit', 100000, NULL, NULL, 'شارژ کیف پول', 'pending', '2025-07-27 04:08:30', '2025-07-27 04:08:30'),
(96, 3, 2, NULL, 'deposit', 50000, 'A000000000000000000000000000pyj7l283', NULL, 'شارژ کیف پول', 'pending', '2025-07-27 04:09:01', '2025-07-27 04:09:06'),
(97, 3, 2, NULL, 'deposit', 100000, NULL, NULL, 'شارژ کیف پول', 'pending', '2025-07-27 06:03:01', '2025-07-27 06:03:01'),
(98, 3, 2, NULL, 'deposit', 50000, 'A000000000000000000000000000vgyr7x6o', NULL, 'شارژ کیف پول', 'pending', '2025-07-27 06:04:24', '2025-07-27 06:04:24'),
(99, 3, 2, NULL, 'deposit', 1000, NULL, NULL, 'شارژ کیف پول', 'pending', '2025-07-27 07:37:44', '2025-07-27 07:37:44'),
(100, 3, 2, NULL, 'deposit', 1000, 'A000000000000000000000000000rvrwd3qo', NULL, 'شارژ کیف پول', 'pending', '2025-07-27 07:38:16', '2025-07-27 07:38:17'),
(101, 3, 2, NULL, 'deposit', 1500, 'A000000000000000000000000000qy3pwvzw', '73223413101', 'شارژ کیف پول', 'completed', '2025-07-27 07:39:58', '2025-07-27 07:41:56'),
(102, 3, 2, NULL, 'withdraw', 800, NULL, NULL, NULL, 'completed', '2025-07-27 08:28:36', '2025-07-27 08:28:36'),
(103, 3, 2, NULL, 'withdraw', 800, NULL, NULL, NULL, 'completed', '2025-07-27 10:56:59', '2025-07-27 10:56:59'),
(104, 3, 2, NULL, 'withdraw', 1200, NULL, NULL, NULL, 'completed', '2025-07-27 14:12:37', '2025-07-27 14:12:37'),
(105, 3, 2, NULL, 'withdraw', 0, NULL, NULL, NULL, 'completed', '2025-07-28 07:48:58', '2025-07-28 07:48:58'),
(106, 3, 2, NULL, 'withdraw', 0, NULL, NULL, NULL, 'completed', '2025-07-28 07:50:02', '2025-07-28 07:50:02'),
(107, 3, 2, NULL, 'withdraw', 1200, NULL, NULL, NULL, 'completed', '2025-07-28 07:50:28', '2025-07-28 07:50:28'),
(108, 3, 2, NULL, 'deposit', 100000, NULL, NULL, 'شارژ کیف پول', 'pending', '2025-07-28 07:51:46', '2025-07-28 07:51:46'),
(109, 3, 2, NULL, 'withdraw', 800, NULL, NULL, NULL, 'completed', '2025-07-28 09:17:34', '2025-07-28 09:17:34'),
(110, 3, 2, NULL, 'deposit', 1000, NULL, NULL, 'شارژ کیف پول', 'pending', '2025-07-28 09:21:31', '2025-07-28 09:21:31'),
(111, 3, 2, NULL, 'withdraw', 1000, NULL, NULL, NULL, 'completed', '2025-07-29 07:09:47', '2025-07-29 07:09:47'),
(112, 3, 2, NULL, 'withdraw', 1000, NULL, NULL, NULL, 'completed', '2025-07-29 07:09:49', '2025-07-29 07:09:49'),
(113, 3, 2, NULL, 'withdraw', 1000, NULL, NULL, NULL, 'completed', '2025-07-29 07:10:20', '2025-07-29 07:10:20'),
(114, 3, 2, NULL, 'withdraw', 1000, NULL, NULL, NULL, 'completed', '2025-07-29 07:12:31', '2025-07-29 07:12:31'),
(115, 3, 2, NULL, 'withdraw', 50000, NULL, NULL, NULL, 'completed', '2025-08-03 12:40:58', '2025-08-03 12:40:58'),
(116, 3, 2, NULL, 'withdraw', 1000, NULL, NULL, NULL, 'completed', '2025-08-08 10:54:09', '2025-08-08 10:54:09'),
(117, 3, 2, NULL, 'withdraw', 1000, NULL, NULL, NULL, 'completed', '2025-08-08 10:59:09', '2025-08-08 10:59:09'),
(118, 3, 2, NULL, 'withdraw', 1000, NULL, NULL, NULL, 'completed', '2025-08-08 11:11:43', '2025-08-08 11:11:43'),
(119, 3, 2, NULL, 'withdraw', 3000000, NULL, NULL, 'دریافت موفق استعلام', 'completed', '2025-08-16 20:03:10', '2025-08-16 20:03:10'),
(120, 3, 2, NULL, 'withdraw', 300000, NULL, NULL, 'دریافت موفق استعلام', 'completed', '2025-08-16 20:15:34', '2025-08-16 20:15:34'),
(121, 3, 2, NULL, 'withdraw', 300000, NULL, NULL, 'دریافت موفق استعلام', 'completed', '2025-08-16 20:17:38', '2025-08-16 20:17:38'),
(122, 3, 2, NULL, 'withdraw', 300000, NULL, NULL, 'دریافت موفق استعلام', 'completed', '2025-08-16 20:31:15', '2025-08-16 20:31:15'),
(123, 3, 2, NULL, 'withdraw', 1000, NULL, NULL, NULL, 'completed', '2025-08-22 10:28:45', '2025-08-22 10:28:45'),
(124, 3, 2, NULL, 'withdraw', 300000, NULL, NULL, 'دریافت موفق استعلام', 'completed', '2025-08-22 10:28:48', '2025-08-22 10:28:48'),
(125, 3, 2, NULL, 'withdraw', 1000, NULL, NULL, NULL, 'completed', '2025-08-22 10:28:50', '2025-08-22 10:28:50'),
(126, 3, 2, NULL, 'withdraw', 1000, NULL, NULL, NULL, 'completed', '2025-08-22 10:29:24', '2025-08-22 10:29:24'),
(127, 3, 2, NULL, 'withdraw', 300000, NULL, NULL, 'دریافت موفق استعلام', 'completed', '2025-08-22 10:29:30', '2025-08-22 10:29:30'),
(128, 3, 2, NULL, 'withdraw', 1000, NULL, NULL, NULL, 'completed', '2025-08-22 10:29:32', '2025-08-22 10:29:32'),
(129, 3, 2, NULL, 'withdraw', 1000, NULL, NULL, NULL, 'completed', '2025-08-22 10:29:48', '2025-08-22 10:29:48'),
(130, 3, 2, NULL, 'withdraw', 300000, NULL, NULL, 'دریافت موفق استعلام', 'completed', '2025-08-22 10:29:54', '2025-08-22 10:29:54'),
(131, 3, 2, NULL, 'withdraw', 1000, NULL, NULL, NULL, 'completed', '2025-08-22 10:29:54', '2025-08-22 10:29:54'),
(132, 3, 2, NULL, 'withdraw', 1000, NULL, NULL, NULL, 'completed', '2025-08-22 10:30:31', '2025-08-22 10:30:31'),
(133, 3, 2, NULL, 'withdraw', 1000, NULL, NULL, NULL, 'completed', '2025-08-22 10:49:57', '2025-08-22 10:49:57'),
(134, 3, 2, NULL, 'withdraw', 300000, NULL, NULL, 'دریافت موفق استعلام', 'completed', '2025-08-22 10:49:58', '2025-08-22 10:49:58'),
(135, 3, 2, NULL, 'withdraw', 1000, NULL, NULL, NULL, 'completed', '2025-08-22 10:49:59', '2025-08-22 10:49:59'),
(136, 3, 2, NULL, 'withdraw', 1000, NULL, NULL, NULL, 'completed', '2025-08-22 10:50:42', '2025-08-22 10:50:42'),
(137, 3, 2, NULL, 'withdraw', 288000, NULL, NULL, 'کارگاه پیشرفته اصول قراردادنویسی', 'completed', '2025-08-28 20:11:33', '2025-08-28 20:11:33'),
(138, 3, 2, NULL, 'withdraw', 288000, NULL, NULL, 'کارگاه پیشرفته اصول قراردادنویسی', 'completed', '2025-08-28 20:14:17', '2025-08-28 20:14:17'),
(139, 3, 2, NULL, 'withdraw', 288000, NULL, NULL, 'کارگاه پیشرفته اصول قراردادنویسی', 'completed', '2025-08-29 13:02:01', '2025-08-29 13:02:01'),
(140, 3, 2, NULL, 'withdraw', 288000, NULL, NULL, 'کارگاه پیشرفته اصول قراردادنویسی', 'completed', '2025-08-29 13:17:28', '2025-08-29 13:17:28'),
(141, 3, 2, NULL, 'withdraw', 1000, NULL, NULL, 'کارگاه پیشرفته اصول قراردادنویسی', 'completed', '2025-08-29 14:46:29', '2025-08-29 14:46:29'),
(142, 3, 2, NULL, 'withdraw', 1000, NULL, NULL, 'کارگاه پیشرفته اصول قراردادنویسی', 'completed', '2025-08-29 15:01:47', '2025-08-29 15:01:47'),
(143, 3, 2, NULL, 'withdraw', 1000, NULL, NULL, 'کارگاه پیشرفته اصول قراردادنویسی', 'completed', '2025-08-29 15:17:04', '2025-08-29 15:17:04'),
(144, 3, 2, NULL, 'withdraw', 0, NULL, NULL, NULL, 'completed', '2025-08-29 19:27:39', '2025-08-29 19:27:39'),
(145, 3, 2, NULL, 'withdraw', 1200, NULL, NULL, NULL, 'completed', '2025-08-29 20:41:09', '2025-08-29 20:41:09'),
(146, 2, 1, NULL, 'withdraw', 300000, NULL, NULL, 'دریافت موفق استعلام', 'completed', '2025-08-31 07:30:58', '2025-08-31 07:30:58'),
(147, 2, 1, NULL, 'withdraw', 300000, NULL, NULL, 'دریافت موفق استعلام', 'completed', '2025-08-31 07:31:30', '2025-08-31 07:31:30'),
(148, 193, 317, NULL, 'withdraw', 0, NULL, NULL, NULL, 'completed', '2025-08-31 14:19:16', '2025-08-31 14:19:16'),
(149, 193, 317, NULL, 'withdraw', 0, NULL, NULL, NULL, 'completed', '2025-08-31 14:19:24', '2025-08-31 14:19:24'),
(150, 3, 2, NULL, 'withdraw', 300000, NULL, NULL, 'دریافت موفق استعلام', 'completed', '2025-08-31 15:26:42', '2025-08-31 15:26:42'),
(151, 3, 2, NULL, 'withdraw', 300000, NULL, NULL, 'دریافت موفق استعلام', 'completed', '2025-08-31 15:27:09', '2025-08-31 15:27:09'),
(152, 193, 317, NULL, 'withdraw', 0, NULL, NULL, NULL, 'completed', '2025-08-31 15:53:27', '2025-08-31 15:53:27'),
(153, 3, 2, NULL, 'deposit', 200000, 'A0000000000000000000000000002z6wgvz1', NULL, 'شارژ کیف پول', 'pending', '2025-08-31 16:11:00', '2025-08-31 16:11:00'),
(154, 3, 2, NULL, 'deposit', 50000, 'A000000000000000000000000000lro8z368', NULL, 'شارژ کیف پول', 'pending', '2025-08-31 16:12:31', '2025-08-31 16:12:31'),
(155, 3, 2, NULL, 'deposit', 50000, 'A0000000000000000000000000001nxwrq81', NULL, 'شارژ کیف پول', 'pending', '2025-08-31 16:12:50', '2025-08-31 16:12:50'),
(156, 3, 2, NULL, 'deposit', 5000, 'A000000000000000000000000000vn28onmw', '74955072901', 'شارژ کیف پول', 'completed', '2025-08-31 16:13:34', '2025-08-31 16:15:57'),
(157, 2, 1, NULL, 'deposit', 50000, 'A0000000000000000000000000006gxwv5dj', NULL, 'شارژ کیف پول', 'pending', '2025-08-31 16:23:20', '2025-08-31 16:23:20'),
(158, 2, 1, NULL, 'deposit', 50000, 'A000000000000000000000000000j1dnz57v', NULL, 'شارژ کیف پول', 'pending', '2025-08-31 16:24:52', '2025-08-31 16:24:52'),
(159, 2, 1, NULL, 'deposit', 50000, 'A000000000000000000000000000y7pzn5xl', NULL, 'شارژ کیف پول', 'pending', '2025-09-02 16:39:42', '2025-09-02 16:39:43'),
(160, 3, 2, NULL, 'withdraw', 300000, NULL, NULL, 'دریافت موفق استعلام', 'completed', '2025-09-03 05:22:28', '2025-09-03 05:22:28'),
(161, 3, 2, NULL, 'withdraw', 300000, NULL, NULL, 'دریافت موفق استعلام', 'completed', '2025-09-03 05:27:04', '2025-09-03 05:27:04'),
(162, 3, 2, NULL, 'withdraw', 300000, NULL, NULL, 'دریافت موفق استعلام', 'completed', '2025-09-03 06:42:33', '2025-09-03 06:42:33'),
(163, 3, 2, NULL, 'deposit', 100000, 'A000000000000000000000000000rlx2nwrd', NULL, 'شارژ کیف پول', 'pending', '2025-09-03 10:49:52', '2025-09-03 10:49:52'),
(172, 2, 1, NULL, 'withdraw', 300000, NULL, NULL, 'دریافت موفق استعلام', 'completed', '2025-09-03 18:48:16', '2025-09-03 18:48:16'),
(173, 2, 1, NULL, 'withdraw', 300000, NULL, NULL, 'دریافت موفق استعلام', 'completed', '2025-09-03 18:50:49', '2025-09-03 18:50:49'),
(174, 2, 1, NULL, 'withdraw', 300000, NULL, NULL, 'دریافت موفق استعلام', 'completed', '2025-09-03 18:51:04', '2025-09-03 18:51:04'),
(175, 2, 1, NULL, 'withdraw', 300000, NULL, NULL, 'دریافت موفق استعلام', 'completed', '2025-09-03 18:52:22', '2025-09-03 18:52:22'),
(176, 2, 1, NULL, 'withdraw', 300000, NULL, NULL, 'دریافت موفق استعلام', 'completed', '2025-09-03 19:26:34', '2025-09-03 19:26:34'),
(177, 2, 1, NULL, 'withdraw', 300000, NULL, NULL, 'دریافت موفق استعلام', 'completed', '2025-09-03 19:28:00', '2025-09-03 19:28:00'),
(179, 193, 317, NULL, 'deposit', 50000, 'A000000000000000000000000000eo2vwz37', '75194144001', 'شارژ کیف پول', 'completed', '2025-09-05 21:27:40', '2025-09-05 21:28:10'),
(180, 193, 317, NULL, 'withdraw', 800, NULL, NULL, NULL, 'completed', '2025-09-05 21:28:35', '2025-09-05 21:28:35'),
(181, 193, 317, NULL, 'withdraw', 800, NULL, NULL, NULL, 'completed', '2025-09-05 21:31:15', '2025-09-05 21:31:15'),
(182, 3, 2, NULL, 'withdraw', 1200, NULL, NULL, NULL, 'completed', '2025-09-06 18:43:04', '2025-09-06 18:43:04'),
(183, 3, 2, NULL, 'withdraw', 1200, NULL, NULL, NULL, 'completed', '2025-09-06 18:43:40', '2025-09-06 18:43:40'),
(184, 3, 2, NULL, 'withdraw', 800, NULL, NULL, NULL, 'completed', '2025-09-06 18:57:49', '2025-09-06 18:57:49'),
(185, 3, 2, NULL, 'withdraw', 1200, NULL, NULL, NULL, 'completed', '2025-09-06 18:58:33', '2025-09-06 18:58:33'),
(186, 3, 2, NULL, 'withdraw', 800, NULL, NULL, NULL, 'completed', '2025-09-06 19:06:34', '2025-09-06 19:06:34'),
(187, 3, 2, NULL, 'withdraw', 1200, NULL, NULL, NULL, 'completed', '2025-09-06 19:11:13', '2025-09-06 19:11:13'),
(188, 3, 2, NULL, 'withdraw', 1200, NULL, NULL, NULL, 'completed', '2025-09-06 19:22:52', '2025-09-06 19:22:52'),
(189, 3, 2, NULL, 'withdraw', 1200, NULL, NULL, 'خرید نمونه قرارداد', 'completed', '2025-09-06 20:03:41', '2025-09-06 20:03:41'),
(190, 3, 2, NULL, 'withdraw', 800, NULL, NULL, 'خرید نمونه قرارداد', 'completed', '2025-09-06 20:04:55', '2025-09-06 20:04:55'),
(191, 3, 2, NULL, 'withdraw', 800, NULL, NULL, 'خرید نمونه قرارداد', 'completed', '2025-09-06 20:14:52', '2025-09-06 20:14:52'),
(192, 3, 2, NULL, 'withdraw', 800, NULL, NULL, 'خرید نمونه قرارداد', 'completed', '2025-09-06 20:19:43', '2025-09-06 20:19:43'),
(193, 3, 2, NULL, 'withdraw', 1200, NULL, NULL, 'خرید نمونه قرارداد', 'completed', '2025-09-06 20:30:31', '2025-09-06 20:30:31'),
(194, 3, 2, NULL, 'withdraw', 800, NULL, NULL, 'خرید نمونه قرارداد', 'completed', '2025-09-06 20:33:39', '2025-09-06 20:33:39'),
(195, 3, 2, NULL, 'withdraw', 1200, NULL, NULL, 'خرید نمونه قرارداد', 'completed', '2025-09-07 07:51:47', '2025-09-07 07:51:47'),
(196, 3, 2, NULL, 'withdraw', 1200, NULL, NULL, 'خرید نمونه قرارداد', 'completed', '2025-09-07 08:57:31', '2025-09-07 08:57:31'),
(198, 4, 30, NULL, 'deposit', 50000, 'A000000000000000000000000000pqp6v8y3', NULL, 'شارژ کیف پول', 'pending', '2025-09-07 14:21:42', '2025-09-07 14:21:42'),
(199, 4, 30, NULL, 'deposit', 200000, 'A000000000000000000000000000rlxqz2d6', NULL, 'شارژ کیف پول', 'pending', '2025-09-07 14:22:08', '2025-09-07 14:22:08'),
(201, 3, 2, NULL, 'withdraw', 300000, NULL, NULL, 'دریافت موفق استعلام', 'completed', '2025-09-07 17:44:07', '2025-09-07 17:44:07'),
(203, 3, 2, NULL, 'withdraw', 300000, NULL, NULL, 'دریافت موفق استعلام', 'completed', '2025-09-12 21:11:54', '2025-09-12 21:11:54'),
(204, 3, 2, NULL, 'withdraw', 300000, NULL, NULL, 'دریافت موفق استعلام', 'completed', '2025-09-14 14:24:59', '2025-09-14 14:24:59'),
(205, 217, 341, NULL, 'deposit', 5000, 'A000000000000000000000000000rlzovnjj', '75618109301', 'شارژ کیف پول', 'completed', '2025-09-14 16:28:13', '2025-09-14 16:29:00'),
(206, 217, 341, NULL, 'deposit', 100000, 'A0000000000000000000000000007x8nzzj6', NULL, 'شارژ کیف پول', 'pending', '2025-09-14 16:29:17', '2025-09-14 16:29:17'),
(207, 217, 341, NULL, 'withdraw', 1200, NULL, NULL, 'خرید نمونه قرارداد', 'completed', '2025-09-14 16:31:00', '2025-09-14 16:31:00'),
(208, 3, 2, NULL, 'withdraw', 800, NULL, NULL, 'خرید نمونه قرارداد', 'completed', '2025-09-14 16:35:31', '2025-09-14 16:35:31'),
(209, 217, 341, NULL, 'withdraw', 800, NULL, NULL, 'خرید نمونه قرارداد', 'completed', '2025-09-14 20:13:35', '2025-09-14 20:13:35'),
(210, 2, 1, NULL, 'withdraw', 300000, NULL, NULL, 'دریافت موفق استعلام', 'completed', '2025-09-15 18:56:45', '2025-09-15 18:56:45'),
(211, 2, 1, NULL, 'withdraw', 300000, NULL, NULL, 'دریافت موفق استعلام', 'completed', '2025-09-15 18:58:10', '2025-09-15 18:58:10'),
(212, 2, 1, NULL, 'withdraw', 300000, NULL, NULL, 'دریافت موفق استعلام', 'completed', '2025-09-15 18:58:42', '2025-09-15 18:58:42'),
(213, 3, 2, NULL, 'withdraw', 300000, NULL, NULL, 'دریافت موفق استعلام', 'completed', '2025-09-15 18:59:24', '2025-09-15 18:59:24'),
(214, 2, 1, NULL, 'withdraw', 300000, NULL, NULL, 'دریافت موفق استعلام', 'completed', '2025-09-15 18:59:57', '2025-09-15 18:59:57'),
(215, 3, 2, NULL, 'withdraw', 300000, NULL, NULL, 'دریافت موفق استعلام', 'completed', '2025-09-15 19:00:05', '2025-09-15 19:00:05'),
(216, 2, 1, NULL, 'withdraw', 300000, NULL, NULL, 'دریافت موفق استعلام', 'completed', '2025-09-15 19:02:42', '2025-09-15 19:02:42'),
(217, 2, 1, NULL, 'withdraw', 300000, NULL, NULL, 'دریافت موفق استعلام', 'completed', '2025-09-15 19:02:57', '2025-09-15 19:02:57'),
(218, 2, 1, NULL, 'withdraw', 300000, NULL, NULL, 'دریافت موفق استعلام', 'completed', '2025-09-15 19:03:18', '2025-09-15 19:03:18'),
(219, 2, 1, NULL, 'withdraw', 300000, NULL, NULL, 'دریافت موفق استعلام', 'completed', '2025-09-15 19:05:37', '2025-09-15 19:05:37'),
(220, 2, 1, NULL, 'withdraw', 300000, NULL, NULL, 'دریافت موفق استعلام', 'completed', '2025-09-15 19:06:31', '2025-09-15 19:06:31'),
(221, 2, 1, NULL, 'withdraw', 300000, NULL, NULL, 'دریافت موفق استعلام', 'completed', '2025-09-15 19:10:10', '2025-09-15 19:10:10'),
(222, 2, 1, NULL, 'withdraw', 300000, NULL, NULL, 'دریافت موفق استعلام', 'completed', '2025-09-15 19:10:13', '2025-09-15 19:10:13'),
(223, 2, 1, NULL, 'withdraw', 300000, NULL, NULL, 'دریافت موفق استعلام', 'completed', '2025-09-15 19:11:07', '2025-09-15 19:11:07'),
(224, 2, 1, NULL, 'withdraw', 300000, NULL, NULL, 'دریافت موفق استعلام', 'completed', '2025-09-15 19:13:17', '2025-09-15 19:13:17'),
(225, 2, 1, NULL, 'withdraw', 300000, NULL, NULL, 'دریافت موفق استعلام', 'completed', '2025-09-15 19:13:35', '2025-09-15 19:13:35'),
(226, 2, 1, NULL, 'withdraw', 300000, NULL, NULL, 'دریافت موفق استعلام', 'completed', '2025-09-15 19:14:19', '2025-09-15 19:14:19'),
(227, 2, 1, NULL, 'withdraw', 300000, NULL, NULL, 'دریافت موفق استعلام', 'completed', '2025-09-15 19:14:34', '2025-09-15 19:14:34'),
(228, 2, 1, NULL, 'withdraw', 300000, NULL, NULL, 'دریافت موفق استعلام', 'completed', '2025-09-15 19:14:55', '2025-09-15 19:14:55'),
(229, 2, 1, NULL, 'withdraw', 300000, NULL, NULL, 'دریافت موفق استعلام', 'completed', '2025-09-15 19:16:49', '2025-09-15 19:16:49'),
(230, 3, 2, NULL, 'withdraw', 300000, NULL, NULL, 'دریافت موفق استعلام', 'completed', '2025-09-15 19:17:18', '2025-09-15 19:17:18'),
(231, 2, 1, NULL, 'withdraw', 300000, NULL, NULL, 'دریافت موفق استعلام', 'completed', '2025-09-15 19:18:58', '2025-09-15 19:18:58'),
(232, 2, 1, NULL, 'withdraw', 300000, NULL, NULL, 'دریافت موفق استعلام', 'completed', '2025-09-15 19:19:19', '2025-09-15 19:19:19'),
(233, 2, 1, NULL, 'withdraw', 300000, NULL, NULL, 'دریافت موفق استعلام', 'completed', '2025-09-15 19:22:00', '2025-09-15 19:22:00'),
(234, 2, 1, NULL, 'withdraw', 300000, NULL, NULL, 'دریافت موفق استعلام', 'completed', '2025-09-15 19:23:16', '2025-09-15 19:23:16'),
(235, 2, 1, NULL, 'withdraw', 300000, NULL, NULL, 'دریافت موفق استعلام', 'completed', '2025-09-15 19:25:14', '2025-09-15 19:25:14'),
(236, 2, 1, NULL, 'withdraw', 300000, NULL, NULL, 'دریافت موفق استعلام', 'completed', '2025-09-15 19:27:17', '2025-09-15 19:27:17'),
(237, 2, 1, NULL, 'withdraw', 300000, NULL, NULL, 'دریافت موفق استعلام', 'completed', '2025-09-15 19:35:23', '2025-09-15 19:35:23'),
(238, 2, 1, NULL, 'withdraw', 300000, NULL, NULL, 'دریافت موفق استعلام', 'completed', '2025-09-15 19:35:28', '2025-09-15 19:35:28'),
(239, 2, 1, NULL, 'withdraw', 300000, NULL, NULL, 'دریافت موفق استعلام', 'completed', '2025-09-15 19:35:56', '2025-09-15 19:35:56'),
(240, 2, 1, NULL, 'withdraw', 300000, NULL, NULL, 'دریافت موفق استعلام', 'completed', '2025-09-15 19:37:11', '2025-09-15 19:37:11'),
(241, 2, 1, NULL, 'withdraw', 300000, NULL, NULL, 'دریافت موفق استعلام', 'completed', '2025-09-15 19:37:53', '2025-09-15 19:37:53'),
(242, 2, 1, NULL, 'withdraw', 300000, NULL, NULL, 'دریافت موفق استعلام', 'completed', '2025-09-15 19:38:53', '2025-09-15 19:38:53'),
(243, 2, 1, NULL, 'withdraw', 300000, NULL, NULL, 'دریافت موفق استعلام', 'completed', '2025-09-15 19:42:31', '2025-09-15 19:42:31'),
(244, 2, 1, NULL, 'withdraw', 300000, NULL, NULL, 'دریافت موفق استعلام', 'completed', '2025-09-15 19:43:12', '2025-09-15 19:43:12'),
(245, 2, 1, NULL, 'withdraw', 300000, NULL, NULL, 'دریافت موفق استعلام', 'completed', '2025-09-15 19:44:20', '2025-09-15 19:44:20'),
(246, 2, 1, NULL, 'withdraw', 300000, NULL, NULL, 'دریافت موفق استعلام', 'completed', '2025-09-15 19:56:49', '2025-09-15 19:56:49'),
(247, 2, 1, NULL, 'withdraw', 300000, NULL, NULL, 'دریافت موفق استعلام', 'completed', '2025-09-15 19:57:00', '2025-09-15 19:57:00'),
(248, 2, 1, NULL, 'withdraw', 300000, NULL, NULL, 'دریافت موفق استعلام', 'completed', '2025-09-15 20:05:51', '2025-09-15 20:05:51'),
(249, 2, 1, NULL, 'withdraw', 300000, NULL, NULL, 'دریافت موفق استعلام', 'completed', '2025-09-15 20:06:13', '2025-09-15 20:06:13'),
(250, 2, 1, NULL, 'withdraw', 300000, NULL, NULL, 'دریافت موفق استعلام', 'completed', '2025-09-15 20:07:03', '2025-09-15 20:07:03'),
(251, 2, 1, NULL, 'withdraw', 300000, NULL, NULL, 'دریافت موفق استعلام', 'completed', '2025-09-15 20:08:56', '2025-09-15 20:08:56'),
(252, 2, 1, NULL, 'withdraw', 300000, NULL, NULL, 'دریافت موفق استعلام', 'completed', '2025-09-15 20:10:53', '2025-09-15 20:10:53'),
(253, 2, 1, NULL, 'withdraw', 300000, NULL, NULL, 'دریافت موفق استعلام', 'completed', '2025-09-15 20:11:47', '2025-09-15 20:11:47'),
(254, 2, 1, NULL, 'withdraw', 300000, NULL, NULL, 'دریافت موفق استعلام', 'completed', '2025-09-15 20:12:15', '2025-09-15 20:12:15'),
(255, 2, 1, NULL, 'withdraw', 300000, NULL, NULL, 'دریافت موفق استعلام', 'completed', '2025-09-15 20:12:35', '2025-09-15 20:12:35'),
(256, 2, 1, NULL, 'withdraw', 300000, NULL, NULL, 'دریافت موفق استعلام', 'completed', '2025-09-15 20:14:13', '2025-09-15 20:14:13'),
(257, 2, 1, NULL, 'withdraw', 300000, NULL, NULL, 'دریافت موفق استعلام', 'completed', '2025-09-15 20:21:04', '2025-09-15 20:21:04'),
(258, 2, 1, NULL, 'withdraw', 300000, NULL, NULL, 'دریافت موفق استعلام', 'completed', '2025-09-15 20:21:24', '2025-09-15 20:21:24'),
(259, 2, 1, NULL, 'withdraw', 300000, NULL, NULL, 'دریافت موفق استعلام', 'completed', '2025-09-15 20:21:46', '2025-09-15 20:21:46'),
(260, 2, 1, NULL, 'withdraw', 300000, NULL, NULL, 'دریافت موفق استعلام', 'completed', '2025-09-15 20:21:57', '2025-09-15 20:21:57'),
(261, 2, 1, NULL, 'withdraw', 300000, NULL, NULL, 'دریافت موفق استعلام', 'completed', '2025-09-15 20:22:12', '2025-09-15 20:22:12'),
(262, 2, 1, NULL, 'withdraw', 300000, NULL, NULL, 'دریافت موفق استعلام', 'completed', '2025-09-15 20:22:37', '2025-09-15 20:22:37'),
(263, 2, 1, NULL, 'withdraw', 300000, NULL, NULL, 'دریافت موفق استعلام', 'completed', '2025-09-15 20:25:04', '2025-09-15 20:25:04'),
(264, 2, 1, NULL, 'withdraw', 300000, NULL, NULL, 'دریافت موفق استعلام', 'completed', '2025-09-15 20:25:09', '2025-09-15 20:25:09'),
(265, 3, 2, NULL, 'withdraw', 300000, NULL, NULL, 'دریافت موفق استعلام', 'completed', '2025-09-15 20:27:13', '2025-09-15 20:27:13'),
(266, 3, 2, NULL, 'withdraw', 300000, NULL, NULL, 'دریافت موفق استعلام', 'completed', '2025-09-15 20:28:19', '2025-09-15 20:28:19'),
(267, 3, 2, NULL, 'withdraw', 300000, NULL, NULL, 'دریافت موفق استعلام', 'completed', '2025-09-15 20:29:04', '2025-09-15 20:29:04'),
(268, 2, 1, NULL, 'withdraw', 300000, NULL, NULL, 'دریافت موفق استعلام', 'completed', '2025-09-15 20:36:10', '2025-09-15 20:36:10'),
(269, 2, 1, NULL, 'withdraw', 300000, NULL, NULL, 'دریافت موفق استعلام', 'completed', '2025-09-16 04:47:53', '2025-09-16 04:47:53'),
(270, 2, 1, NULL, 'withdraw', 300000, NULL, NULL, 'دریافت موفق استعلام', 'completed', '2025-09-17 12:24:52', '2025-09-17 12:24:52'),
(271, 3, 2, NULL, 'withdraw', 300000, NULL, NULL, 'دریافت موفق استعلام', 'completed', '2025-09-17 12:27:19', '2025-09-17 12:27:19'),
(272, 2, 1, NULL, 'withdraw', 300000, NULL, NULL, 'دریافت موفق استعلام', 'completed', '2025-09-17 13:08:17', '2025-09-17 13:08:17'),
(273, 3, 2, NULL, 'withdraw', 300000, NULL, NULL, 'دریافت موفق استعلام', 'completed', '2025-09-17 13:19:28', '2025-09-17 13:19:28'),
(274, 3, 2, NULL, 'withdraw', 300000, NULL, NULL, 'دریافت موفق استعلام', 'completed', '2025-09-17 13:21:05', '2025-09-17 13:21:05'),
(275, 3, 2, NULL, 'withdraw', 300000, NULL, NULL, 'دریافت موفق استعلام', 'completed', '2025-09-17 13:22:09', '2025-09-17 13:22:09'),
(276, 2, 1, NULL, 'withdraw', 300000, NULL, NULL, 'دریافت موفق استعلام', 'completed', '2025-09-17 13:24:22', '2025-09-17 13:24:22'),
(277, 2, 1, NULL, 'withdraw', 300000, NULL, NULL, 'دریافت موفق استعلام', 'completed', '2025-09-17 13:27:49', '2025-09-17 13:27:49'),
(278, 3, 2, NULL, 'withdraw', 300000, NULL, NULL, 'دریافت موفق استعلام', 'completed', '2025-09-17 13:39:49', '2025-09-17 13:39:49'),
(279, 3, 2, NULL, 'withdraw', 300000, NULL, NULL, 'دریافت موفق استعلام', 'completed', '2025-09-17 13:40:20', '2025-09-17 13:40:20'),
(280, 3, 2, NULL, 'withdraw', 300000, NULL, NULL, 'دریافت موفق استعلام', 'completed', '2025-09-17 13:52:58', '2025-09-17 13:52:58'),
(281, 3, 2, NULL, 'withdraw', 300000, NULL, NULL, 'دریافت موفق استعلام', 'completed', '2025-09-17 14:16:46', '2025-09-17 14:16:46'),
(282, 3, 2, NULL, 'withdraw', 300000, NULL, NULL, 'دریافت موفق استعلام', 'completed', '2025-09-17 14:24:46', '2025-09-17 14:24:46'),
(283, 3, 2, NULL, 'withdraw', 300000, NULL, NULL, 'دریافت موفق استعلام', 'completed', '2025-09-17 14:29:53', '2025-09-17 14:29:53'),
(284, 3, 2, NULL, 'withdraw', 300000, NULL, NULL, 'دریافت موفق استعلام', 'completed', '2025-09-17 14:34:41', '2025-09-17 14:34:41'),
(285, 3, 2, NULL, 'withdraw', 800, NULL, NULL, 'خرید نمونه قرارداد', 'completed', '2025-09-19 11:43:37', '2025-09-19 11:43:37'),
(286, 3, 2, NULL, 'deposit', 100000, 'A000000000000000000000000000j1e2ye2q', NULL, 'شارژ کیف پول', 'pending', '2025-09-19 12:31:56', '2025-09-19 12:31:56'),
(287, 3, 2, NULL, 'withdraw', 300000, NULL, NULL, 'دریافت موفق استعلام', 'completed', '2025-09-20 20:26:17', '2025-09-20 20:26:17'),
(288, 3, 2, NULL, 'deposit', 100000, 'A000000000000000000000000000o6py7ow1', NULL, 'شارژ کیف پول', 'pending', '2025-09-21 14:24:43', '2025-09-21 14:24:43'),
(289, 3, 2, NULL, 'withdraw', 300000, NULL, NULL, 'دریافت موفق استعلام', 'completed', '2025-09-21 14:28:02', '2025-09-21 14:28:02'),
(290, 3, 2, NULL, 'withdraw', 300000, NULL, NULL, 'دریافت موفق استعلام', 'completed', '2025-09-23 14:50:48', '2025-09-23 14:50:48'),
(291, 3, 2, NULL, 'withdraw', 300000, NULL, NULL, 'دریافت موفق استعلام', 'completed', '2025-09-23 14:54:15', '2025-09-23 14:54:15'),
(292, 3, 2, NULL, 'withdraw', 300000, NULL, NULL, 'دریافت موفق استعلام', 'completed', '2025-09-23 14:55:29', '2025-09-23 14:55:29'),
(293, 3, 2, NULL, 'withdraw', 300000, NULL, NULL, 'دریافت موفق استعلام', 'completed', '2025-09-23 15:08:45', '2025-09-23 15:08:45'),
(294, 3, 2, NULL, 'withdraw', 300000, NULL, NULL, 'دریافت موفق استعلام', 'completed', '2025-09-23 15:11:36', '2025-09-23 15:11:36'),
(295, 3, 2, NULL, 'deposit', 10000, 'A000000000000000000000000000nxjgw66n', NULL, 'شارژ کیف پول', 'pending', '2025-09-23 16:34:33', '2025-09-23 16:34:33'),
(296, 3, 2, NULL, 'withdraw', 300000, NULL, NULL, 'دریافت موفق استعلام', 'completed', '2025-09-23 16:36:24', '2025-09-23 16:36:24'),
(297, 3, 2, NULL, 'withdraw', 300000, NULL, NULL, 'دریافت موفق استعلام', 'completed', '2025-09-23 16:37:25', '2025-09-23 16:37:25'),
(298, 3, 2, NULL, 'withdraw', 2500000, NULL, NULL, 'judgement', 'completed', '2025-09-28 08:47:27', '2025-09-28 08:47:27'),
(299, 3, 2, NULL, 'withdraw', 2500000, NULL, NULL, 'judgement', 'completed', '2025-09-28 10:36:43', '2025-09-28 10:36:43'),
(300, 3, 2, NULL, 'withdraw', 3000000, NULL, NULL, 'judgement', 'completed', '2025-09-28 10:42:08', '2025-09-28 10:42:08'),
(301, 3, 2, NULL, 'withdraw', 5000000, NULL, NULL, 'judgement', 'completed', '2025-09-28 10:55:42', '2025-09-28 10:55:42'),
(302, 3, 2, NULL, 'withdraw', 5000000, NULL, NULL, 'judgement', 'completed', '2025-09-28 11:12:41', '2025-09-28 11:12:41'),
(303, 3, 2, NULL, 'withdraw', 5000000, NULL, NULL, 'judgement', 'completed', '2025-09-28 11:18:43', '2025-09-28 11:18:43'),
(304, 3, 2, NULL, 'withdraw', 350000, NULL, NULL, 'judgement', 'completed', '2025-09-28 14:57:38', '2025-09-28 14:57:38'),
(305, 3, 2, NULL, 'withdraw', 250000, NULL, NULL, 'legalAdvice', 'completed', '2025-09-28 14:57:44', '2025-09-28 14:57:44'),
(306, 3, 2, NULL, 'withdraw', 1200000, NULL, NULL, 'lawsuit', 'completed', '2025-09-28 14:58:14', '2025-09-28 14:58:14'),
(307, 3, 2, NULL, 'withdraw', 400000, NULL, NULL, 'documentDrafting', 'completed', '2025-09-28 14:58:36', '2025-09-28 14:58:36'),
(308, 3, 2, NULL, 'withdraw', 5790000, NULL, NULL, 'tokil', 'completed', '2025-09-28 14:58:43', '2025-09-28 14:58:43'),
(309, 3, 2, NULL, 'withdraw', 1200, NULL, NULL, 'خرید نمونه قرارداد', 'completed', '2025-09-30 11:32:41', '2025-09-30 11:32:41'),
(310, 3, 2, NULL, 'withdraw', 300000, NULL, NULL, 'دریافت موفق استعلام', 'completed', '2025-09-30 14:26:38', '2025-09-30 14:26:38'),
(311, 3, 2, NULL, 'withdraw', 800, NULL, NULL, 'خرید نمونه قرارداد', 'completed', '2025-09-30 17:53:44', '2025-09-30 17:53:44'),
(312, 3, 2, NULL, 'withdraw', 10000000, NULL, NULL, 'lawsuit', 'completed', '2025-09-30 18:01:09', '2025-09-30 18:01:09'),
(313, 3, 2, NULL, 'withdraw', 300000, NULL, NULL, 'دریافت موفق استعلام', 'completed', '2025-09-30 18:03:51', '2025-09-30 18:03:51'),
(314, 3, 2, NULL, 'withdraw', 300000, NULL, NULL, 'دریافت موفق استعلام', 'completed', '2025-09-30 18:05:18', '2025-09-30 18:05:18'),
(315, 3, 2, NULL, 'withdraw', 300000, NULL, NULL, 'دریافت موفق استعلام', 'completed', '2025-09-30 18:05:43', '2025-09-30 18:05:43'),
(317, 3, 2, NULL, 'withdraw', 1111000, NULL, NULL, 'کارگاه جامع قراردادنویسی', 'completed', '2025-10-01 20:03:38', '2025-10-01 20:03:38'),
(318, 217, 341, NULL, 'withdraw', 1200, NULL, NULL, 'خرید نمونه قرارداد', 'completed', '2025-10-02 17:18:11', '2025-10-02 17:18:11'),
(319, 217, 341, NULL, 'withdraw', 1200, NULL, NULL, 'خرید نمونه قرارداد', 'completed', '2025-10-02 17:18:21', '2025-10-02 17:18:21'),
(320, 2, 1, NULL, 'withdraw', 1299000, NULL, NULL, NULL, 'completed', '2025-10-03 06:58:13', '2025-10-03 06:58:13'),
(321, 3, 2, NULL, 'withdraw', 1039200, NULL, NULL, 'کارگاه جامع قراردادنویسی', 'completed', '2025-10-03 07:23:59', '2025-10-03 07:23:59'),
(322, 217, 341, NULL, 'deposit', 10000, 'A000000000000000000000000000g1dqoz27', '76572429401', 'شارژ کیف پول', 'completed', '2025-10-03 07:51:01', '2025-10-03 07:52:34'),
(323, 217, 341, NULL, 'deposit', 5000, 'A0000000000000000000000000001n5mpjqo', NULL, 'شارژ کیف پول', 'pending', '2025-10-03 08:35:08', '2025-10-03 08:35:08'),
(324, 217, 341, NULL, 'deposit', 5000, 'A0000000000000000000000000003nvw15qq', '76574909201', 'شارژ کیف پول', 'completed', '2025-10-03 08:53:46', '2025-10-03 08:54:40'),
(325, 217, 341, NULL, 'withdraw', 12990, NULL, NULL, 'کارگاه جامع قراردادنویسی', 'completed', '2025-10-03 08:56:34', '2025-10-03 08:56:34'),
(326, 217, 341, NULL, 'withdraw', 1200, NULL, NULL, 'خرید نمونه قرارداد', 'completed', '2025-10-03 14:23:58', '2025-10-03 14:23:58'),
(327, 217, 341, NULL, 'withdraw', 800, NULL, NULL, 'خرید نمونه قرارداد', 'completed', '2025-10-03 14:26:04', '2025-10-03 14:26:04'),
(328, 2, 1, NULL, 'deposit', 20000000, 'A000000000000000000000000000djemleel', NULL, 'شارژ کیف پول', 'pending', '2025-10-03 21:29:20', '2025-10-03 21:29:20'),
(329, 2, 1, NULL, 'deposit', 200000000, 'A0000000000000000000000000001nqy8wxd', NULL, 'شارژ کیف پول', 'pending', '2025-10-03 22:48:20', '2025-10-03 22:48:20'),
(330, 2, 1, NULL, 'withdraw', 1299000, NULL, NULL, NULL, 'completed', '2025-10-03 22:49:06', '2025-10-03 22:49:06'),
(331, 3, 2, NULL, 'deposit', 50000, 'A000000000000000000000000000x5q8gr5g', NULL, 'شارژ کیف پول', 'pending', '2025-10-04 05:00:10', '2025-10-04 05:00:11'),
(332, 3, 2, NULL, 'withdraw', 1299000, NULL, NULL, 'کارگاه جامع قراردادنویسی', 'completed', '2025-10-04 05:42:56', '2025-10-04 05:42:56'),
(333, 26, 83, NULL, 'deposit', 100000, 'A0000000000000000000000000006gqx2lqo', NULL, 'شارژ کیف پول', 'pending', '2025-10-04 14:06:01', '2025-10-04 14:06:01'),
(334, 4, 30, NULL, 'deposit', 2000000, 'A000000000000000000000000000g1edl6wq', NULL, 'شارژ کیف پول', 'pending', '2025-10-05 15:20:22', '2025-10-05 15:20:22'),
(335, 193, 317, NULL, 'withdraw', 300000, NULL, NULL, 'دریافت موفق استعلام', 'completed', '2025-10-05 15:20:25', '2025-10-05 15:20:25'),
(336, 193, 317, NULL, 'withdraw', 300000, NULL, NULL, 'دریافت موفق استعلام', 'completed', '2025-10-05 15:20:40', '2025-10-05 15:20:40'),
(337, 193, 317, NULL, 'withdraw', 300000, NULL, NULL, 'دریافت موفق استعلام', 'completed', '2025-10-05 15:21:01', '2025-10-05 15:21:01'),
(338, 3, 2, NULL, 'withdraw', 300000, NULL, NULL, 'دریافت موفق استعلام', 'completed', '2025-10-08 19:06:19', '2025-10-08 19:06:19'),
(340, 2, 1, NULL, 'deposit', 1299000, 'A000000000000000000000000000g1eyzrzn', NULL, 'شارژ کیف پول', 'pending', '2025-10-10 13:50:44', '2025-10-10 13:50:45'),
(341, 2, 1, NULL, 'withdraw', 1299000, NULL, NULL, NULL, 'completed', '2025-10-10 13:51:35', '2025-10-10 13:51:35'),
(342, 2, 1, NULL, 'withdraw', 844350, NULL, NULL, NULL, 'completed', '2025-10-10 13:53:32', '2025-10-10 13:53:32'),
(343, 4, 30, NULL, 'deposit', 2000000, 'A000000000000000000000000000mgr86o7o', '77085975601', 'شارژ کیف پول', 'completed', '2025-10-13 11:16:04', '2025-10-13 11:16:49'),
(344, 4, 30, NULL, 'withdraw', 1299000, NULL, NULL, 'کارگاه جامع قراردادنویسی', 'completed', '2025-10-13 11:17:45', '2025-10-13 11:17:45'),
(345, 4, 30, NULL, 'withdraw', 12990, NULL, NULL, 'کارگاه جامع قراردادنویسی', 'completed', '2025-10-13 14:00:18', '2025-10-13 14:00:18'),
(346, 4, 30, NULL, 'withdraw', 12990, NULL, NULL, NULL, 'completed', '2025-10-13 15:16:52', '2025-10-13 15:16:52'),
(351, 23, 72, NULL, 'deposit', 1300000, 'A000000000000000000000000000y75nmnn6', NULL, 'شارژ کیف پول', 'pending', '2025-10-14 23:06:40', '2025-10-14 23:06:40'),
(352, 23, 72, NULL, 'deposit', 13000000, 'A0000000000000000000000000001nqzgzj8', NULL, 'شارژ کیف پول', 'pending', '2025-10-14 23:06:52', '2025-10-14 23:06:52'),
(353, 23, 72, NULL, 'deposit', 1300000, 'A000000000000000000000000000eoen38j6', '77164234001', 'شارژ کیف پول', 'completed', '2025-10-14 23:07:53', '2025-10-14 23:09:44'),
(354, 23, 72, NULL, 'withdraw', 1299000, NULL, NULL, NULL, 'completed', '2025-10-14 23:11:45', '2025-10-14 23:11:45'),
(355, 2, 1, NULL, 'withdraw', 300000, NULL, NULL, 'دریافت موفق استعلام', 'completed', '2025-10-15 04:26:35', '2025-10-15 04:26:35'),
(356, 2, 1, NULL, 'withdraw', 1299000, NULL, NULL, NULL, 'completed', '2025-10-15 07:06:57', '2025-10-15 07:06:57'),
(357, 2, 1, NULL, 'withdraw', 1299000, NULL, NULL, NULL, 'completed', '2025-10-15 07:58:58', '2025-10-15 07:58:58'),
(358, 2, 1, NULL, 'withdraw', 1299000, NULL, NULL, NULL, 'completed', '2025-10-15 08:00:36', '2025-10-15 08:00:36'),
(359, 2, 1, NULL, 'withdraw', 1299000, NULL, NULL, NULL, 'completed', '2025-10-15 08:02:19', '2025-10-15 08:02:19'),
(360, 2, 1, NULL, 'withdraw', 1299000, NULL, NULL, NULL, 'completed', '2025-10-15 08:02:50', '2025-10-15 08:02:50'),
(361, 2, 1, NULL, 'withdraw', 1299000, NULL, NULL, NULL, 'completed', '2025-10-15 08:07:40', '2025-10-15 08:07:40'),
(362, 4, 30, NULL, 'deposit', 500000, 'A000000000000000000000000000862vew6q', NULL, 'شارژ کیف پول', 'pending', '2025-10-15 15:28:45', '2025-10-15 15:28:46'),
(363, 4, 30, NULL, 'withdraw', 1299000, NULL, NULL, NULL, 'completed', '2025-10-15 15:35:09', '2025-10-15 15:35:09'),
(364, 193, 317, NULL, 'withdraw', 1299000, NULL, NULL, NULL, 'completed', '2025-10-15 15:55:01', '2025-10-15 15:55:01'),
(365, 2, 1, NULL, 'deposit', 190000000, 'A000000000000000000000000000rlvr2d1n', NULL, 'شارژ کیف پول', 'pending', '2025-10-15 16:01:19', '2025-10-15 16:01:20'),
(366, 193, 317, NULL, 'deposit', 100000000, 'A000000000000000000000000000z7281zmy', NULL, 'شارژ کیف پول', 'pending', '2025-10-15 16:01:22', '2025-10-15 16:01:22'),
(367, 193, 317, NULL, 'withdraw', 1299000, NULL, NULL, NULL, 'completed', '2025-10-15 16:04:22', '2025-10-15 16:04:22'),
(368, 2, 1, NULL, 'withdraw', 1299000, NULL, NULL, NULL, 'completed', '2025-10-15 16:04:23', '2025-10-15 16:04:23'),
(369, 2, 1, NULL, 'withdraw', 1299000, NULL, NULL, NULL, 'completed', '2025-10-15 16:20:22', '2025-10-15 16:20:22'),
(370, 4, 30, NULL, 'deposit', 1300000, 'A000000000000000000000000000j1jw5lpl', NULL, 'شارژ کیف پول', 'pending', '2025-10-16 08:42:50', '2025-10-16 08:42:50'),
(371, 4, 30, NULL, 'withdraw', 1299000, NULL, NULL, NULL, 'completed', '2025-10-16 08:57:31', '2025-10-16 08:57:31'),
(372, 4, 30, NULL, 'withdraw', 1299000, NULL, NULL, NULL, 'completed', '2025-10-16 09:00:17', '2025-10-16 09:00:17'),
(373, 193, 317, NULL, 'withdraw', 1299000, NULL, NULL, NULL, 'completed', '2025-10-18 16:30:46', '2025-10-18 16:30:46'),
(374, 2, 1, NULL, 'withdraw', 1299000, NULL, NULL, 'کارگاه جامع قراردادنویسی', 'completed', '2025-10-18 18:26:58', '2025-10-18 18:26:58'),
(375, 2, 1, NULL, 'withdraw', 844350, NULL, NULL, 'کارگاه جامع قراردادنویسی', 'completed', '2025-10-18 18:46:24', '2025-10-18 18:46:24'),
(377, 2, 1, NULL, 'withdraw', 1299000, NULL, NULL, NULL, 'completed', '2025-10-19 06:03:25', '2025-10-19 06:03:25'),
(378, 2, 1, NULL, 'withdraw', 1299000, NULL, NULL, NULL, 'completed', '2025-10-19 06:15:25', '2025-10-19 06:15:25'),
(379, 2, 1, NULL, 'withdraw', 1299000, NULL, NULL, NULL, 'completed', '2025-10-19 06:59:02', '2025-10-19 06:59:02'),
(380, 3, 2, NULL, 'withdraw', 1299000, NULL, NULL, 'کارگاه جامع قراردادنویسی', 'completed', '2025-10-19 07:15:37', '2025-10-19 07:15:37'),
(381, 115, 221, NULL, 'deposit', 1300000, 'A000000000000000000000000000mgggdgnq', NULL, 'شارژ کیف پول', 'pending', '2025-10-19 17:11:08', '2025-10-19 17:11:08'),
(382, 115, 221, NULL, 'deposit', 1300000, 'A000000000000000000000000000lrrrlrd7', '77384869101', 'شارژ کیف پول', 'completed', '2025-10-19 17:11:29', '2025-10-19 17:12:02'),
(383, 115, 221, NULL, 'withdraw', 1299000, NULL, NULL, NULL, 'completed', '2025-10-19 17:20:10', '2025-10-19 17:20:10'),
(384, 114, 220, NULL, 'deposit', 850000, 'A000000000000000000000000000y77e5qnz', NULL, 'شارژ کیف پول', 'pending', '2025-10-20 18:04:17', '2025-10-20 18:04:17'),
(385, 114, 220, NULL, 'deposit', 850000, 'A00000000000000000000000000086612gmy', NULL, 'شارژ کیف پول', 'pending', '2025-10-20 18:04:29', '2025-10-20 18:04:29'),
(386, 114, 220, NULL, 'deposit', 850000, 'A0000000000000000000000000001nnpqmxg', NULL, 'شارژ کیف پول', 'pending', '2025-10-20 18:04:30', '2025-10-20 18:04:30'),
(387, 114, 220, NULL, 'deposit', 850000, 'A000000000000000000000000000mggdrjrl', NULL, 'شارژ کیف پول', 'pending', '2025-10-20 18:04:38', '2025-10-20 18:04:38'),
(388, 114, 220, NULL, 'deposit', 850000, 'A0000000000000000000000000007xx1z3xg', '77438048101', 'شارژ کیف پول', 'completed', '2025-10-20 18:04:39', '2025-10-20 18:05:53'),
(389, 2, 1, NULL, 'withdraw', 1299000, NULL, NULL, NULL, 'completed', '2025-10-21 05:08:18', '2025-10-21 05:08:18'),
(390, 2, 1, NULL, 'withdraw', 1299000, NULL, NULL, NULL, 'completed', '2025-10-21 05:08:51', '2025-10-21 05:08:51'),
(391, 2, 1, NULL, 'withdraw', 1299000, NULL, NULL, NULL, 'completed', '2025-10-21 05:20:00', '2025-10-21 05:20:00'),
(392, 114, 220, NULL, 'withdraw', 844350, NULL, NULL, NULL, 'completed', '2025-10-21 07:25:04', '2025-10-21 07:25:04'),
(393, 2, 1, NULL, 'withdraw', 1104150, NULL, NULL, NULL, 'completed', '2025-10-23 15:27:31', '2025-10-23 15:27:31');

--
-- Indexes for dumped tables
--

--
-- Indexes for table `active_codes`
--
ALTER TABLE `active_codes`
  ADD PRIMARY KEY (`id`),
  ADD KEY `active_codes_user_id_foreign` (`user_id`);

--
-- Indexes for table `cities`
--
ALTER TABLE `cities`
  ADD PRIMARY KEY (`id`),
  ADD KEY `cities_state_id_foreign` (`state_id`);

--
-- Indexes for table `failed_jobs`
--
ALTER TABLE `failed_jobs`
  ADD PRIMARY KEY (`id`),
  ADD UNIQUE KEY `failed_jobs_uuid_unique` (`uuid`);

--
-- Indexes for table `invoices`
--
ALTER TABLE `invoices`
  ADD PRIMARY KEY (`id`),
  ADD KEY `invoices_user_id_foreign` (`user_id`),
  ADD KEY `invoices_product_id_foreign` (`product_id`);

--
-- Indexes for table `log_activitis`
--
ALTER TABLE `log_activitis`
  ADD PRIMARY KEY (`id`),
  ADD KEY `log_activitis_user_id_foreign` (`user_id`);

--
-- Indexes for table `log_estelams`
--
ALTER TABLE `log_estelams`
  ADD PRIMARY KEY (`id`);

--
-- Indexes for table `log_users`
--
ALTER TABLE `log_users`
  ADD PRIMARY KEY (`id`),
  ADD KEY `log_users_user_id_foreign` (`user_id`);

--
-- Indexes for table `media_files`
--
ALTER TABLE `media_files`
  ADD PRIMARY KEY (`id`),
  ADD KEY `media_files_user_id_foreign` (`user_id`);

--
-- Indexes for table `menus`
--
ALTER TABLE `menus`
  ADD PRIMARY KEY (`id`),
  ADD KEY `menus_user_id_foreign` (`user_id`);

--
-- Indexes for table `migrations`
--
ALTER TABLE `migrations`
  ADD PRIMARY KEY (`id`);

--
-- Indexes for table `offers`
--
ALTER TABLE `offers`
  ADD PRIMARY KEY (`id`),
  ADD KEY `offers_user_id_foreign` (`user_id`),
  ADD KEY `offers_user_offer_foreign` (`user_offer`),
  ADD KEY `offers_product_id_foreign` (`product_id`);

--
-- Indexes for table `password_resets`
--
ALTER TABLE `password_resets`
  ADD KEY `password_resets_email_index` (`email`);

--
-- Indexes for table `password_reset_tokens`
--
ALTER TABLE `password_reset_tokens`
  ADD PRIMARY KEY (`email`);

--
-- Indexes for table `permissions`
--
ALTER TABLE `permissions`
  ADD PRIMARY KEY (`id`),
  ADD KEY `permissions_user_id_foreign` (`user_id`);

--
-- Indexes for table `permission_role`
--
ALTER TABLE `permission_role`
  ADD PRIMARY KEY (`id`),
  ADD KEY `permission_role_role_id_foreign` (`role_id`),
  ADD KEY `permission_role_permission_id_foreign` (`permission_id`);

--
-- Indexes for table `personal_access_tokens`
--
ALTER TABLE `personal_access_tokens`
  ADD PRIMARY KEY (`id`),
  ADD UNIQUE KEY `personal_access_tokens_token_unique` (`token`),
  ADD KEY `personal_access_tokens_tokenable_type_tokenable_id_index` (`tokenable_type`,`tokenable_id`);

--
-- Indexes for table `products`
--
ALTER TABLE `products`
  ADD PRIMARY KEY (`id`),
  ADD UNIQUE KEY `products_slug_unique` (`slug`),
  ADD KEY `products_user_id_foreign` (`user_id`);

--
-- Indexes for table `roles`
--
ALTER TABLE `roles`
  ADD PRIMARY KEY (`id`);

--
-- Indexes for table `role_user`
--
ALTER TABLE `role_user`
  ADD PRIMARY KEY (`role_id`,`user_id`),
  ADD KEY `role_user_user_id_foreign` (`user_id`);

--
-- Indexes for table `states`
--
ALTER TABLE `states`
  ADD PRIMARY KEY (`id`);

--
-- Indexes for table `submenus`
--
ALTER TABLE `submenus`
  ADD PRIMARY KEY (`id`),
  ADD KEY `submenus_menu_id_foreign` (`menu_id`),
  ADD KEY `submenus_user_id_foreign` (`user_id`);

--
-- Indexes for table `users`
--
ALTER TABLE `users`
  ADD PRIMARY KEY (`id`),
  ADD KEY `users_role_id_foreign` (`role_id`),
  ADD KEY `users_state_id_foreign` (`state_id`),
  ADD KEY `users_city_id_foreign` (`city_id`);

--
-- Indexes for table `visitors`
--
ALTER TABLE `visitors`
  ADD PRIMARY KEY (`id`);

--
-- Indexes for table `wallets`
--
ALTER TABLE `wallets`
  ADD PRIMARY KEY (`id`),
  ADD KEY `wallets_user_id_foreign` (`user_id`);

--
-- Indexes for table `wallet_transactions`
--
ALTER TABLE `wallet_transactions`
  ADD PRIMARY KEY (`id`),
  ADD KEY `wallet_transactions_wallet_id_foreign` (`wallet_id`),
  ADD KEY `wallet_transactions_user_id_foreign` (`user_id`),
  ADD KEY `wallet_transactions_invoice_id_foreign` (`invoice_id`);

--
-- AUTO_INCREMENT for dumped tables
--

--
-- AUTO_INCREMENT for table `active_codes`
--
ALTER TABLE `active_codes`
  MODIFY `id` bigint(20) UNSIGNED NOT NULL AUTO_INCREMENT COMMENT 'شناسه یکتا کد فعال‌سازی';

--
-- AUTO_INCREMENT for table `cities`
--
ALTER TABLE `cities`
  MODIFY `id` bigint(20) UNSIGNED NOT NULL AUTO_INCREMENT COMMENT 'شناسه یکتا', AUTO_INCREMENT=1250;

--
-- AUTO_INCREMENT for table `failed_jobs`
--
ALTER TABLE `failed_jobs`
  MODIFY `id` bigint(20) UNSIGNED NOT NULL AUTO_INCREMENT;

--
-- AUTO_INCREMENT for table `invoices`
--
ALTER TABLE `invoices`
  MODIFY `id` bigint(20) UNSIGNED NOT NULL AUTO_INCREMENT;

--
-- AUTO_INCREMENT for table `log_activitis`
--
ALTER TABLE `log_activitis`
  MODIFY `id` bigint(20) UNSIGNED NOT NULL AUTO_INCREMENT COMMENT 'شناسه یکتا لاگ فعالیت';

--
-- AUTO_INCREMENT for table `log_estelams`
--
ALTER TABLE `log_estelams`
  MODIFY `id` bigint(20) UNSIGNED NOT NULL AUTO_INCREMENT;

--
-- AUTO_INCREMENT for table `log_users`
--
ALTER TABLE `log_users`
  MODIFY `id` bigint(20) UNSIGNED NOT NULL AUTO_INCREMENT, AUTO_INCREMENT=5;

--
-- AUTO_INCREMENT for table `media_files`
--
ALTER TABLE `media_files`
  MODIFY `id` bigint(20) UNSIGNED NOT NULL AUTO_INCREMENT;

--
-- AUTO_INCREMENT for table `menus`
--
ALTER TABLE `menus`
  MODIFY `id` bigint(20) UNSIGNED NOT NULL AUTO_INCREMENT COMMENT 'شناسه یکتا پنل منو', AUTO_INCREMENT=71;

--
-- AUTO_INCREMENT for table `migrations`
--
ALTER TABLE `migrations`
  MODIFY `id` int(10) UNSIGNED NOT NULL AUTO_INCREMENT, AUTO_INCREMENT=26;

--
-- AUTO_INCREMENT for table `offers`
--
ALTER TABLE `offers`
  MODIFY `id` bigint(20) UNSIGNED NOT NULL AUTO_INCREMENT, AUTO_INCREMENT=3;

--
-- AUTO_INCREMENT for table `permissions`
--
ALTER TABLE `permissions`
  MODIFY `id` bigint(20) UNSIGNED NOT NULL AUTO_INCREMENT COMMENT 'شناسه یکتا سطح دسترسی', AUTO_INCREMENT=40;

--
-- AUTO_INCREMENT for table `permission_role`
--
ALTER TABLE `permission_role`
  MODIFY `id` bigint(20) UNSIGNED NOT NULL AUTO_INCREMENT COMMENT 'شناسه یکتا رکورد', AUTO_INCREMENT=36;

--
-- AUTO_INCREMENT for table `personal_access_tokens`
--
ALTER TABLE `personal_access_tokens`
  MODIFY `id` bigint(20) UNSIGNED NOT NULL AUTO_INCREMENT;

--
-- AUTO_INCREMENT for table `products`
--
ALTER TABLE `products`
  MODIFY `id` bigint(20) UNSIGNED NOT NULL AUTO_INCREMENT, AUTO_INCREMENT=56;

--
-- AUTO_INCREMENT for table `roles`
--
ALTER TABLE `roles`
  MODIFY `id` bigint(20) UNSIGNED NOT NULL AUTO_INCREMENT COMMENT 'شناسه یکتا نقش', AUTO_INCREMENT=9;

--
-- AUTO_INCREMENT for table `states`
--
ALTER TABLE `states`
  MODIFY `id` bigint(20) UNSIGNED NOT NULL AUTO_INCREMENT COMMENT 'شناسه یکتا', AUTO_INCREMENT=32;

--
-- AUTO_INCREMENT for table `submenus`
--
ALTER TABLE `submenus`
  MODIFY `id` bigint(20) UNSIGNED NOT NULL AUTO_INCREMENT COMMENT 'شناسه یکتا پنل زیرمنو', AUTO_INCREMENT=85;

--
-- AUTO_INCREMENT for table `users`
--
ALTER TABLE `users`
  MODIFY `id` bigint(20) UNSIGNED NOT NULL AUTO_INCREMENT COMMENT 'شناسه یکتا کاربر', AUTO_INCREMENT=357;

--
-- AUTO_INCREMENT for table `visitors`
--
ALTER TABLE `visitors`
  MODIFY `id` bigint(20) UNSIGNED NOT NULL AUTO_INCREMENT COMMENT 'شناسه یکتا بازدید';

--
-- AUTO_INCREMENT for table `wallets`
--
ALTER TABLE `wallets`
  MODIFY `id` bigint(20) UNSIGNED NOT NULL AUTO_INCREMENT, AUTO_INCREMENT=233;

--
-- AUTO_INCREMENT for table `wallet_transactions`
--
ALTER TABLE `wallet_transactions`
  MODIFY `id` bigint(20) UNSIGNED NOT NULL AUTO_INCREMENT, AUTO_INCREMENT=394;

--
-- Constraints for dumped tables
--

--
-- Constraints for table `active_codes`
--
ALTER TABLE `active_codes`
  ADD CONSTRAINT `active_codes_user_id_foreign` FOREIGN KEY (`user_id`) REFERENCES `users` (`id`) ON DELETE CASCADE;

--
-- Constraints for table `cities`
--
ALTER TABLE `cities`
  ADD CONSTRAINT `cities_state_id_foreign` FOREIGN KEY (`state_id`) REFERENCES `states` (`id`) ON DELETE CASCADE;

--
-- Constraints for table `invoices`
--
ALTER TABLE `invoices`
  ADD CONSTRAINT `invoices_product_id_foreign` FOREIGN KEY (`product_id`) REFERENCES `products` (`id`) ON DELETE CASCADE,
  ADD CONSTRAINT `invoices_user_id_foreign` FOREIGN KEY (`user_id`) REFERENCES `users` (`id`) ON DELETE CASCADE;

--
-- Constraints for table `log_activitis`
--
ALTER TABLE `log_activitis`
  ADD CONSTRAINT `log_activitis_user_id_foreign` FOREIGN KEY (`user_id`) REFERENCES `users` (`id`) ON DELETE CASCADE;

--
-- Constraints for table `log_users`
--
ALTER TABLE `log_users`
  ADD CONSTRAINT `log_users_user_id_foreign` FOREIGN KEY (`user_id`) REFERENCES `users` (`id`) ON DELETE CASCADE;

--
-- Constraints for table `media_files`
--
ALTER TABLE `media_files`
  ADD CONSTRAINT `media_files_user_id_foreign` FOREIGN KEY (`user_id`) REFERENCES `users` (`id`) ON DELETE CASCADE;

--
-- Constraints for table `menus`
--
ALTER TABLE `menus`
  ADD CONSTRAINT `menus_user_id_foreign` FOREIGN KEY (`user_id`) REFERENCES `users` (`id`) ON DELETE CASCADE;

--
-- Constraints for table `offers`
--
ALTER TABLE `offers`
  ADD CONSTRAINT `offers_product_id_foreign` FOREIGN KEY (`product_id`) REFERENCES `products` (`id`) ON DELETE CASCADE,
  ADD CONSTRAINT `offers_user_id_foreign` FOREIGN KEY (`user_id`) REFERENCES `users` (`id`) ON DELETE CASCADE,
  ADD CONSTRAINT `offers_user_offer_foreign` FOREIGN KEY (`user_offer`) REFERENCES `users` (`id`) ON DELETE CASCADE;

--
-- Constraints for table `permissions`
--
ALTER TABLE `permissions`
  ADD CONSTRAINT `permissions_user_id_foreign` FOREIGN KEY (`user_id`) REFERENCES `users` (`id`) ON DELETE CASCADE;

--
-- Constraints for table `permission_role`
--
ALTER TABLE `permission_role`
  ADD CONSTRAINT `permission_role_permission_id_foreign` FOREIGN KEY (`permission_id`) REFERENCES `permissions` (`id`) ON DELETE CASCADE,
  ADD CONSTRAINT `permission_role_role_id_foreign` FOREIGN KEY (`role_id`) REFERENCES `roles` (`id`) ON DELETE CASCADE;

--
-- Constraints for table `products`
--
ALTER TABLE `products`
  ADD CONSTRAINT `products_user_id_foreign` FOREIGN KEY (`user_id`) REFERENCES `users` (`id`) ON DELETE CASCADE;

--
-- Constraints for table `role_user`
--
ALTER TABLE `role_user`
  ADD CONSTRAINT `role_user_role_id_foreign` FOREIGN KEY (`role_id`) REFERENCES `roles` (`id`) ON DELETE CASCADE,
  ADD CONSTRAINT `role_user_user_id_foreign` FOREIGN KEY (`user_id`) REFERENCES `users` (`id`) ON DELETE CASCADE;

--
-- Constraints for table `submenus`
--
ALTER TABLE `submenus`
  ADD CONSTRAINT `submenus_menu_id_foreign` FOREIGN KEY (`menu_id`) REFERENCES `menus` (`id`) ON DELETE CASCADE,
  ADD CONSTRAINT `submenus_user_id_foreign` FOREIGN KEY (`user_id`) REFERENCES `users` (`id`) ON DELETE CASCADE;

--
-- Constraints for table `users`
--
ALTER TABLE `users`
  ADD CONSTRAINT `users_city_id_foreign` FOREIGN KEY (`city_id`) REFERENCES `cities` (`id`) ON DELETE CASCADE,
  ADD CONSTRAINT `users_role_id_foreign` FOREIGN KEY (`role_id`) REFERENCES `roles` (`id`) ON DELETE CASCADE,
  ADD CONSTRAINT `users_state_id_foreign` FOREIGN KEY (`state_id`) REFERENCES `states` (`id`) ON DELETE CASCADE;

--
-- Constraints for table `wallets`
--
ALTER TABLE `wallets`
  ADD CONSTRAINT `wallets_user_id_foreign` FOREIGN KEY (`user_id`) REFERENCES `users` (`id`) ON DELETE CASCADE;

--
-- Constraints for table `wallet_transactions`
--
ALTER TABLE `wallet_transactions`
  ADD CONSTRAINT `wallet_transactions_invoice_id_foreign` FOREIGN KEY (`invoice_id`) REFERENCES `invoices` (`id`) ON DELETE CASCADE,
  ADD CONSTRAINT `wallet_transactions_user_id_foreign` FOREIGN KEY (`user_id`) REFERENCES `users` (`id`) ON DELETE CASCADE,
  ADD CONSTRAINT `wallet_transactions_wallet_id_foreign` FOREIGN KEY (`wallet_id`) REFERENCES `wallets` (`id`) ON DELETE CASCADE;
COMMIT;

/*!40101 SET CHARACTER_SET_CLIENT=@OLD_CHARACTER_SET_CLIENT */;
/*!40101 SET CHARACTER_SET_RESULTS=@OLD_CHARACTER_SET_RESULTS */;
/*!40101 SET COLLATION_CONNECTION=@OLD_COLLATION_CONNECTION */;
